component,feature,loading,abs_loading
PC1,Away_cards_yellow,0.20216890292480708,0.20216890292480708
PC1,Home_aerials_won,0.2019540920237553,0.2019540920237553
PC1,Home_long_balls,-0.20043722088650628,0.20043722088650628
PC1,Away_passing_accuracy,-0.19894823175639054,0.19894823175639054
PC1,Away_touches,-0.19476426549050913,0.19476426549050913
PC1,Away_saves,-0.18353614926163997,0.18353614926163997
PC1,Home_fouled,-0.18319561238144946,0.18319561238144946
PC1,Home_shots,-0.17963650416932606,0.17963650416932606
PC1,Home_touches,-0.17960998663594943,0.17960998663594943
PC1,Away_clearances,-0.17906888263967488,0.17906888263967488
PC2,Home_clearances,-0.3438822504334842,0.3438822504334842
PC2,Home_pens_made,-0.34196092994548527,0.34196092994548527
PC2,Home_pens_won,-0.3318131682106277,0.3318131682106277
PC2,Away_fouled,-0.3185657200281931,0.3185657200281931
PC2,Away_pens_conceded,-0.31111365877582314,0.31111365877582314
PC2,Home_pens_conceded,-0.3085254255962548,0.3085254255962548
PC2,Away_shots,-0.2895717183646258,0.2895717183646258
PC2,Away_pens_won,-0.27972254317098955,0.27972254317098955
PC2,Away_tackles,-0.25776679403629404,0.25776679403629404
PC2,Home_pens_att,-0.12385335324137095,0.12385335324137095
PC3,Home_possession,-0.41407733612504194,0.41407733612504194
PC3,Away_possession,0.4127356789655032,0.4127356789655032
PC3,Away_keeper_gk_shots_on_target_against,-0.346200494427076,0.346200494427076
PC3,Home_keeper_gk_shots_on_target_against,0.30775287238342636,0.30775287238342636
PC3,Away_keeper_gk_saves,-0.30454841858239623,0.30454841858239623
PC3,Home_keeper_gk_saves,0.2747049831617776,0.2747049831617776
PC3,Away_keeper_gk_goals_against,-0.2125988307987264,0.2125988307987264
PC3,Home_keeper_gk_goals_against,0.1818390668857581,0.1818390668857581
PC3,Home_corners,-0.1474381314563957,0.1474381314563957
PC3,Home_shots,-0.1359306600805016,0.1359306600805016
PC4,Away_keeper_gk_goals_against,-0.5008977171567102,0.5008977171567102
PC4,Away_keeper_gk_save_pct,0.48148094262967966,0.48148094262967966
PC4,Home_assists,-0.40608503531971407,0.40608503531971407
PC4,Home_keeper_gk_save_pct,-0.22953614112176002,0.22953614112176002
PC4,Away_saves,0.21318941646890216,0.21318941646890216
PC4,Home_keeper_gk_goals_against,0.18862712404987095,0.18862712404987095
PC4,Away_keeper_gk_shots_on_target_against,-0.18312575364343497,0.18312575364343497
PC4,Away_crosses,-0.1518302702480199,0.1518302702480199
PC4,Home_possession,0.1342536047921445,0.1342536047921445
PC4,Away_possession,-0.1303688726479368,0.1303688726479368
PC5,Home_keeper_gk_goals_against,0.536919558474154,0.536919558474154
PC5,Home_keeper_gk_save_pct,-0.48253251175437406,0.48253251175437406
PC5,Home_keeper_gk_shots_on_target_against,0.27142645199373205,0.27142645199373205
PC5,Away_assists,0.258033055351826,0.258033055351826
PC5,Away_keeper_gk_shots_on_target_against,0.25515000210894917,0.25515000210894917
PC5,Away_keeper_gk_goals_against,0.2191354390499415,0.2191354390499415
PC5,Home_saves,-0.20732043702789976,0.20732043702789976
PC5,Home_assists,0.2052533764792695,0.2052533764792695
PC5,Away_keeper_gk_saves,0.184323492073585,0.184323492073585
PC5,Away_crosses,-0.13647106949585885,0.13647106949585885
PC6,Home_keeper_gk_saves,-0.48026423216408737,0.48026423216408737
PC6,Away_keeper_gk_saves,-0.4328101063827084,0.4328101063827084
PC6,Home_keeper_gk_shots_on_target_against,-0.35499703836795643,0.35499703836795643
PC6,Home_keeper_gk_save_pct,-0.3548589074505263,0.3548589074505263
PC6,Away_keeper_gk_shots_on_target_against,-0.3382240349080035,0.3382240349080035
PC6,Away_keeper_gk_save_pct,-0.3099515053652991,0.3099515053652991
PC6,Home_saves,-0.194066916992709,0.194066916992709
PC6,Away_saves,-0.14979225543430474,0.14979225543430474
PC6,Home_shots,-0.09826974356497135,0.09826974356497135
PC6,Away_shots,-0.07473253043717555,0.07473253043717555
PC7,Home_keeper_gk_shots_on_target_against,-0.367009161955461,0.367009161955461
PC7,Home_possession,-0.33352331412086944,0.33352331412086944
PC7,Away_possession,0.33256677305584115,0.33256677305584115
PC7,Home_keeper_gk_saves,-0.31795764124380393,0.31795764124380393
PC7,Away_keeper_gk_saves,0.2454581986053051,0.2454581986053051
PC7,Home_keeper_gk_goals_against,-0.23319351639907757,0.23319351639907757
PC7,Home_interceptions,0.23258783902898628,0.23258783902898628
PC7,Away_keeper_gk_save_pct,0.20425305525180776,0.20425305525180776
PC7,Away_corners,0.19844054958561452,0.19844054958561452
PC7,Away_offsides,-0.17806361027607268,0.17806361027607268
PC8,Home_tackles_won,-0.49460375391059824,0.49460375391059824
PC8,Away_interceptions,-0.44364998675529244,0.44364998675529244
PC8,Home_interceptions,0.35137619040504864,0.35137619040504864
PC8,Away_tackles,-0.2245603767694535,0.2245603767694535
PC8,Away_throw_ins,-0.19574576459174628,0.19574576459174628
PC8,Home_cards_yellow,-0.18798230174053512,0.18798230174053512
PC8,Away_keeper_gk_saves,-0.1459646603692404,0.1459646603692404
PC8,Home_goal_kicks,0.1398719424226244,0.1398719424226244
PC8,Home_touches,0.13075575552227814,0.13075575552227814
PC8,Home_cards,-0.12171172303010966,0.12171172303010966
PC9,Home_crosses,0.39956206590345966,0.39956206590345966
PC9,Home_interceptions,-0.36259751646469723,0.36259751646469723
PC9,Away_tackles,-0.3228964955821685,0.3228964955821685
PC9,Home_tackles,-0.3057452300611971,0.3057452300611971
PC9,Away_long_balls,-0.25973110874060545,0.25973110874060545
PC9,Home_pens_att,0.209672999511818,0.209672999511818
PC9,Home_assists,-0.19716522406230166,0.19716522406230166
PC9,Away_shots_on_target,-0.18020156430753345,0.18020156430753345
PC9,Home_touches,0.17790280005376208,0.17790280005376208
PC9,Away_crosses,0.15413860486535136,0.15413860486535136
PC10,Home_crosses,0.575712098631005,0.575712098631005
PC10,Home_pens_att,0.4804305051450864,0.4804305051450864
PC10,Home_tackles,0.3801436406452593,0.3801436406452593
PC10,Home_goal_kicks,-0.24016234441217824,0.24016234441217824
PC10,Away_crosses,-0.17230633815116458,0.17230633815116458
PC10,Home_interceptions,0.1482372215532898,0.1482372215532898
PC10,Away_pens_att,0.14019345861588886,0.14019345861588886
PC10,Home_keeper_gk_save_pct,0.12969339979823086,0.12969339979823086
PC10,Away_long_balls,0.12537337516754174,0.12537337516754174
PC10,Home_tackles_won,0.12467552329677077,0.12467552329677077
PC11,Home_tackles,0.5062750972459831,0.5062750972459831
PC11,Home_goal_kicks,0.4361433952098984,0.4361433952098984
PC11,Away_pens_att,0.33037206394581176,0.33037206394581176
PC11,Away_crosses,0.3005261229099948,0.3005261229099948
PC11,Away_long_balls,-0.30033175875575574,0.30033175875575574
PC11,Home_tackles_won,0.18233862076318227,0.18233862076318227
PC11,Home_own_goals,0.16867477790738916,0.16867477790738916
PC11,Home_keeper_gk_save_pct,-0.14577475502610965,0.14577475502610965
PC11,Home_interceptions,0.14169250054274346,0.14169250054274346
PC11,Home_cards_red,0.13074184411769904,0.13074184411769904
PC12,Home_passing_accuracy,0.5866392680289617,0.5866392680289617
PC12,Away_pens_att,0.33351206551459683,0.33351206551459683
PC12,Home_assists,-0.2659165615481692,0.2659165615481692
PC12,Away_pens_made,0.24279784966033877,0.24279784966033877
PC12,Away_interceptions,0.22900159840473022,0.22900159840473022
PC12,Home_shots_on_target,0.18003394067588235,0.18003394067588235
PC12,Home_crosses,-0.1703340345701364,0.1703340345701364
PC12,Away_assists,0.1683602357954783,0.1683602357954783
PC12,Home_corners,-0.15731900601606819,0.15731900601606819
PC12,Home_tackles,0.1570011199257353,0.1570011199257353
PC13,Home_passing_accuracy,0.7527570574141353,0.7527570574141353
PC13,Home_goal_kicks,0.311554004862076,0.311554004862076
PC13,Away_pens_att,-0.28326413465873845,0.28326413465873845
PC13,Home_tackles,-0.169085376594689,0.169085376594689
PC13,Home_crosses,0.1656012092282219,0.1656012092282219
PC13,Home_pens_att,0.15215688774086583,0.15215688774086583
PC13,Home_assists,0.13233190430870692,0.13233190430870692
PC13,Away_pens_made,-0.11998118706925522,0.11998118706925522
PC13,Away_interceptions,-0.11837534122495942,0.11837534122495942
PC13,Away_tackles,0.11424798379706762,0.11424798379706762
PC14,Home_goal_kicks,0.5426815616863625,0.5426815616863625
PC14,Away_assists,0.2854224310836708,0.2854224310836708
PC14,Home_passing_accuracy,-0.2763194237114637,0.2763194237114637
PC14,Home_tackles,-0.2250900366131391,0.2250900366131391
PC14,Home_shots_on_target,0.21783807775232505,0.21783807775232505
PC14,Away_pens_made,0.20991767262687497,0.20991767262687497
PC14,Away_interceptions,0.2064925536897888,0.2064925536897888
PC14,Home_crosses,0.2030759526932657,0.2030759526932657
PC14,Away_pens_att,-0.1731323837334723,0.1731323837334723
PC14,Home_assists,-0.1576392202646926,0.1576392202646926
PC15,Away_crosses,-0.5061132908580748,0.5061132908580748
PC15,Home_goal_kicks,0.40559457305862234,0.40559457305862234
PC15,Away_pens_att,0.37300152701971306,0.37300152701971306
PC15,Away_long_balls,0.34155538306137806,0.34155538306137806
PC15,Home_tackles_won,0.22581337740367574,0.22581337740367574
PC15,Home_tackles,-0.17735753345722088,0.17735753345722088
PC15,Home_shots_on_target,-0.15357112544064416,0.15357112544064416
PC15,Away_pens_won,0.14444196878212606,0.14444196878212606
PC15,Home_cards_red,0.13846872116603445,0.13846872116603445
PC15,Home_assists,0.1365942299802171,0.1365942299802171
PC16,Away_pens_att,-0.5223828484761588,0.5223828484761588
PC16,Home_tackles_won,0.3239078019258461,0.3239078019258461
PC16,Home_tackles,0.28094888915322846,0.28094888915322846
PC16,Home_pens_att,-0.2657000358230757,0.2657000358230757
PC16,Home_cards_yellow,-0.22236061253716582,0.22236061253716582
PC16,Home_interceptions,0.21693521705634006,0.21693521705634006
PC16,Home_touches,0.18153104794070687,0.18153104794070687
PC16,Away_crosses,-0.16477884956660244,0.16477884956660244
PC16,Away_assists,-0.1646060739116074,0.1646060739116074
PC16,Away_interceptions,0.14909814272356608,0.14909814272356608
PC17,Away_interceptions,0.38126779317795545,0.38126779317795545
PC17,Home_assists,0.36391273068168895,0.36391273068168895
PC17,Home_tackles_won,-0.2666549674589338,0.2666549674589338
PC17,Away_long_balls,-0.2589735675244032,0.2589735675244032
PC17,Home_shots_on_target,-0.2093482559738428,0.2093482559738428
PC17,Home_tackles,0.20433769319945938,0.20433769319945938
PC17,Home_fouls,-0.1996998367356395,0.1996998367356395
PC17,Away_tackles_won,-0.17905808308724497,0.17905808308724497
PC17,Away_keeper_gk_save_pct,0.16645555591201955,0.16645555591201955
PC17,Home_interceptions,-0.16343608382847225,0.16343608382847225
PC18,Home_tackles,0.4313350865151916,0.4313350865151916
PC18,Home_interceptions,-0.3852458588184472,0.3852458588184472
PC18,Home_pens_att,0.3316673042287717,0.3316673042287717
PC18,Away_pens_att,-0.25728367468667673,0.25728367468667673
PC18,Away_long_balls,0.25297980691757166,0.25297980691757166
PC18,Home_crosses,-0.21229070962354957,0.21229070962354957
PC18,Away_offsides,0.18304529667668748,0.18304529667668748
PC18,Home_assists,-0.1789654397451762,0.1789654397451762
PC18,Home_throw_ins,-0.1769943628469001,0.1769943628469001
PC18,Home_fouls,0.1763426257816732,0.1763426257816732
PC19,Home_pens_att,0.5546018860075062,0.5546018860075062
PC19,Home_crosses,-0.480636830643961,0.480636830643961
PC19,Home_interceptions,0.25316123615401187,0.25316123615401187
PC19,Away_interceptions,0.21671846157239216,0.21671846157239216
PC19,Away_long_balls,-0.213405447431657,0.213405447431657
PC19,Home_tackles,-0.16488694212983107,0.16488694212983107
PC19,Away_aerials_won,-0.1595129351457135,0.1595129351457135
PC19,Home_shots_on_target,-0.15343115821125458,0.15343115821125458
PC19,Away_shots,-0.1414763499207198,0.1414763499207198
PC19,Away_pens_won,-0.13016446620156552,0.13016446620156552
PC20,Away_interceptions,-0.4820582406632331,0.4820582406632331
PC20,Away_cards_red,-0.3008687139073319,0.3008687139073319
PC20,Away_tackles_won,-0.26790001097900823,0.26790001097900823
PC20,Home_interceptions,-0.22923406719226033,0.22923406719226033
PC20,Home_fouls,-0.2283969943603727,0.2283969943603727
PC20,Away_own_goals,-0.22187057932366303,0.22187057932366303
PC20,Away_crosses,-0.2017835317643557,0.2017835317643557
PC20,Away_offsides,-0.19968488497772968,0.19968488497772968
PC20,Home_tackles_won,0.19423541804209685,0.19423541804209685
PC20,Home_possession,0.1754641458038996,0.1754641458038996
PC21,Away_long_balls,0.353484990719008,0.353484990719008
PC21,Home_throw_ins,0.33933908961439513,0.33933908961439513
PC21,Home_cards_red,0.3160894244433928,0.3160894244433928
PC21,Home_tackles_won,-0.30258872906240075,0.30258872906240075
PC21,Away_crosses,0.28010964129544136,0.28010964129544136
PC21,Away_assists,-0.2720808802551433,0.2720808802551433
PC21,Away_cards,0.24278373888786753,0.24278373888786753
PC21,Home_fouls,-0.240599589853526,0.240599589853526
PC21,Away_interceptions,0.17878203014702557,0.17878203014702557
PC21,Away_tackles_won,-0.17409469634866645,0.17409469634866645
PC22,Home_offsides,0.7313606593860311,0.7313606593860311
PC22,Away_pens_won,-0.29408350581714293,0.29408350581714293
PC22,Away_fouls,-0.28040410674685623,0.28040410674685623
PC22,Away_pens_conceded,-0.22383596825119853,0.22383596825119853
PC22,Home_interceptions,-0.17007515025159883,0.17007515025159883
PC22,Home_fouls,-0.1593097273608026,0.1593097273608026
PC22,Home_fouled,-0.1547870532534233,0.1547870532534233
PC22,Away_own_goals,-0.13533293473107366,0.13533293473107366
PC22,Home_clearances,0.12102116262138367,0.12102116262138367
PC22,Home_pens_won,0.11804486320169198,0.11804486320169198
PC23,Home_offsides,0.5068545905138777,0.5068545905138777
PC23,Away_fouls,0.287928176450596,0.287928176450596
PC23,Away_assists,0.2663950313809507,0.2663950313809507
PC23,Home_assists,0.26303851260265865,0.26303851260265865
PC23,Away_pens_att,-0.24398019945080288,0.24398019945080288
PC23,Away_pens_won,0.21254783203517863,0.21254783203517863
PC23,Home_cards_yellow,0.21138417944689974,0.21138417944689974
PC23,Away_tackles,-0.19121752386296823,0.19121752386296823
PC23,Home_fouled,0.16491409697168993,0.16491409697168993
PC23,Away_crosses,0.16441431601996806,0.16441431601996806
PC24,Away_crosses,0.3872940571629545,0.3872940571629545
PC24,Away_long_balls,0.36121727153510524,0.36121727153510524
PC24,Home_cards_red,-0.34933322411414397,0.34933322411414397
PC24,Home_fouls,-0.33355957196055386,0.33355957196055386
PC24,Home_tackles_won,0.2776231401288675,0.2776231401288675
PC24,Away_cards,-0.24947180070453162,0.24947180070453162
PC24,Away_fouls,-0.23674837696895393,0.23674837696895393
PC24,Home_throw_ins,-0.20815019357271652,0.20815019357271652
PC24,Home_fouled,-0.17476822624077976,0.17476822624077976
PC24,Away_pens_att,0.16208578165100151,0.16208578165100151
PC25,Away_pens_won,0.3947106291843111,0.3947106291843111
PC25,Away_fouls,-0.314840531554742,0.314840531554742
PC25,Away_corners,-0.25210412966704243,0.25210412966704243
PC25,Away_pens_conceded,0.2368410333102109,0.2368410333102109
PC25,Home_fouled,-0.23121603484248612,0.23121603484248612
PC25,Home_pens_att,0.2073813044313971,0.2073813044313971
PC25,Home_cards,-0.20238245546084938,0.20238245546084938
PC25,Away_long_balls,-0.19456523943022308,0.19456523943022308
PC25,Away_fouled,-0.19335694995120176,0.19335694995120176
PC25,Home_offsides,0.18876653706469132,0.18876653706469132
PC26,Away_tackles_won,0.45528915129103287,0.45528915129103287
PC26,Away_cards_red,0.3715327581398164,0.3715327581398164
PC26,Home_fouls,-0.36459286694963783,0.36459286694963783
PC26,Away_interceptions,-0.28312907835502543,0.28312907835502543
PC26,Home_throw_ins,0.24941945641539393,0.24941945641539393
PC26,Home_corners,-0.18987079901895493,0.18987079901895493
PC26,Away_tackles,0.16109043159198913,0.16109043159198913
PC26,Home_touches,0.15957597104194887,0.15957597104194887
PC26,Home_shots_on_target,-0.1563555598069631,0.1563555598069631
PC26,Home_interceptions,-0.15162301599031935,0.15162301599031935
PC27,Away_assists,-0.3963835629451156,0.3963835629451156
PC27,Home_throw_ins,-0.34491866907319274,0.34491866907319274
PC27,Away_fouls,0.31683682414322734,0.31683682414322734
PC27,Away_corners,0.25896728409330666,0.25896728409330666
PC27,Away_tackles,0.23987565457382287,0.23987565457382287
PC27,Away_pens_won,0.21690745446246204,0.21690745446246204
PC27,Home_corners,-0.21488524257984126,0.21488524257984126
PC27,Away_throw_ins,-0.2043647295431005,0.2043647295431005
PC27,Away_clearances,-0.17177049201235434,0.17177049201235434
PC27,Home_pens_made,-0.1497659043912101,0.1497659043912101
PC28,Away_own_goals,0.4981752747522773,0.4981752747522773
PC28,Away_shots_on_target,0.44303939278336935,0.44303939278336935
PC28,Home_interceptions,-0.3216050243716263,0.3216050243716263
PC28,Away_cards_red,-0.3027323133547201,0.3027323133547201
PC28,Home_cards_red,-0.27005747525492785,0.27005747525492785
PC28,Away_offsides,-0.21268924545874227,0.21268924545874227
PC28,Away_assists,-0.1826347334761189,0.1826347334761189
PC28,Home_corners,0.17649318620910898,0.17649318620910898
PC28,Away_fouls,0.15158351791432897,0.15158351791432897
PC28,Home_fouls,-0.11607231768720681,0.11607231768720681
PC29,Home_cards_red,0.5518071330132606,0.5518071330132606
PC29,Away_throw_ins,-0.40126505741017543,0.40126505741017543
PC29,Away_aerials_won,-0.275726799316542,0.275726799316542
PC29,Away_crosses,0.27039068972520053,0.27039068972520053
PC29,Home_own_goals,-0.23515161133820178,0.23515161133820178
PC29,Away_assists,0.20953416917438983,0.20953416917438983
PC29,Away_long_balls,0.19866609080690079,0.19866609080690079
PC29,Away_tackles_won,0.19644272009894082,0.19644272009894082
PC29,Away_pens_won,-0.1365438884536931,0.1365438884536931
PC29,Home_throw_ins,-0.13606307631790324,0.13606307631790324
PC30,Away_corners,0.4637643499738136,0.4637643499738136
PC30,Away_throw_ins,-0.39180314022143375,0.39180314022143375
PC30,Away_clearances,0.29178650482947854,0.29178650482947854
PC30,Home_corners,0.24182210277485003,0.24182210277485003
PC30,Home_fouls,0.22956369164956478,0.22956369164956478
PC30,Away_goal_kicks,0.21196463193787723,0.21196463193787723
PC30,Home_fouled,-0.20971093061059348,0.20971093061059348
PC30,Home_throw_ins,0.1981129599450912,0.1981129599450912
PC30,Away_fouls,-0.18101901510088375,0.18101901510088375
PC30,Away_shots,-0.1750355160368927,0.1750355160368927
PC31,Home_cards_red,-0.36073191786661307,0.36073191786661307
PC31,Away_goal_kicks,-0.3432980433796359,0.3432980433796359
PC31,Home_throw_ins,0.3133707804624417,0.3133707804624417
PC31,Away_aerials_won,-0.27358438461135903,0.27358438461135903
PC31,Home_fouls,0.2662464673057764,0.2662464673057764
PC31,Away_cards_red,-0.24759567354587245,0.24759567354587245
PC31,Away_clearances,-0.24414742514563642,0.24414742514563642
PC31,Away_tackles,0.2377565361939746,0.2377565361939746
PC31,Away_throw_ins,-0.22720212921142457,0.22720212921142457
PC31,Home_shots,-0.2053186260939762,0.2053186260939762
PC32,Away_throw_ins,0.435953123718958,0.435953123718958
PC32,Home_corners,0.40559481359839,0.40559481359839
PC32,Away_cards_red,-0.35643747303753476,0.35643747303753476
PC32,Away_corners,0.29004883908343626,0.29004883908343626
PC32,Home_cards,-0.26557262722873926,0.26557262722873926
PC32,Away_tackles,0.22426153600598106,0.22426153600598106
PC32,Away_cards,-0.18996433347755648,0.18996433347755648
PC32,Away_tackles_won,0.1784852180758068,0.1784852180758068
PC32,Away_aerials_won,-0.15530442514631454,0.15530442514631454
PC32,Away_shots,-0.14803861054287484,0.14803861054287484
PC33,Away_shots,-0.5307294360017062,0.5307294360017062
PC33,Home_corners,-0.4474649750108677,0.4474649750108677
PC33,Away_pens_won,0.19935936986328756,0.19935936986328756
PC33,Away_fouled,0.19406295534050008,0.19406295534050008
PC33,Away_own_goals,0.19102214616097593,0.19102214616097593
PC33,Away_clearances,-0.17908044293751774,0.17908044293751774
PC33,Away_aerials_won,-0.17706686381943632,0.17706686381943632
PC33,Home_fouls,0.1665195536449777,0.1665195536449777
PC33,Away_goal_kicks,0.16595874889917694,0.16595874889917694
PC33,Away_offsides,-0.16433843094644457,0.16433843094644457
