,PC1,PC2,PC3,PC4
Home_possession,0.1341215319949239,-0.2747642597830645,0.08131173972676417,-0.005450923450293521
Away_possession,0.2554681022098563,0.14756624100558846,0.10105034450158369,0.04185803576358025
Home_passing_accuracy,0.01960883171512401,-0.047772831059072166,-0.017142927078655945,0.004722375800466718
Away_passing_accuracy,0.24637601675014975,0.14579185948765455,0.05135847956067974,-0.06319067368792916
Home_shots_on_target,0.13018234858211708,-0.2711169674095016,0.07853830691562258,0.0053235610785577064
Away_shots_on_target,0.24355070245629895,0.13658417940058748,0.0844519458203033,0.08769246983472744
Home_saves,0.02921092179393016,-0.02032298185075189,-0.11819861509336144,0.12614961131918628
Away_saves,0.03880140244386288,0.0073746366925448986,-0.1253274942818823,0.10540024307829263
Home_cards,-0.08878503563252958,0.1378140924115757,0.13783088433080076,-0.25772020881512225
Away_cards,-0.09501828349581586,-0.02263878614324611,0.20631127883015243,-0.254999226833831
Home_fouls,-0.1018628728747864,0.14282750268791478,0.2189904903757347,-0.13887324529122919
Away_fouls,-0.13681288791554722,-0.04075132222857322,0.23405801166529516,-0.11463712121565502
Home_corners,0.09127756116932344,-0.2047183857141919,0.09281191956478392,0.022021533636296716
Away_corners,0.19300632456100095,0.10442455125649,0.07212847473805693,0.09370242349738056
Home_crosses,0.01559364285789933,-0.04930824983113088,0.0782908724582907,0.039052975111431965
Away_crosses,0.08041262125004477,0.04052614325705077,0.05960194426308576,0.04952099573088351
Home_touches,0.1394563234785539,-0.2784882596152677,0.04011742992641997,0.014300259302297587
Away_touches,0.25963479135726547,0.1534732991773257,0.07451746085279,0.051955985850622416
Home_tackles,-0.059893880323363846,0.006355007060221439,0.10165697890231237,0.22678872044128592
Away_tackles,-0.08701095658075864,-0.03670796503208067,0.11614374922466209,0.21889631994279224
Home_interceptions,-0.11254898437577471,0.05470438602834271,0.2896259169274653,0.2057826707978616
Away_interceptions,-0.14130850416059987,-0.023873908312455137,0.2775953638891079,0.19676587637403867
Home_aerials_won,-0.07644805856749819,0.14523783830952108,-0.06039573903186603,0.14958663624181126
Away_aerials_won,-0.11458700436334053,-0.08649568691690392,-0.08086351846584457,0.14249476105275458
Home_clearances,-0.10132183147272492,0.16552042144807383,-0.05979812692657549,0.1917367651230802
Away_clearances,-0.1602009037448951,-0.1014142308594559,-0.06463242177616936,0.1689482785494241
Home_offsides,-0.033805316948420476,-0.04269886450561083,0.1711210267799411,0.04180890939564414
Away_offsides,0.0013431126106669363,0.02815153950940257,0.18353982188250678,0.041221740110431906
Home_goal_kicks,-0.10143910583493997,0.2003527363073569,-0.03478458804751152,-0.004807716719623797
Away_goal_kicks,-0.19266023213002378,-0.11184075600882862,-0.04983824637043413,-0.03068228367712535
Home_throw_ins,-0.06250530769138837,0.06825639792295218,0.0205623461069863,0.1970227398376207
Away_throw_ins,-0.05950663231392004,-0.03655011052728731,0.03618120270971205,0.20180881531024036
Home_long_balls,-0.11354810941976617,0.17162416453504653,0.009849627686419405,0.12382767998858903
Away_long_balls,-0.1814121742343927,-0.10405755058734444,0.004813330729806803,0.10873973918447814
Home_assists,0.11388479823880954,-0.23184060205185927,0.029360299808958695,0.017285275665480073
Home_pens_made,0.05291261494843675,-0.09238322113645012,0.03665576428060611,-0.09977321819110282
Home_pens_att,0.04965793769503267,-0.0967788942674479,0.04874656996938225,-0.10014058035141082
Home_shots,0.13118685383688228,-0.2624187924914128,0.07516164340307772,0.010653135789084346
Home_cards_yellow,-0.08927543043957396,0.1385386952399191,0.13734242841959302,-0.2575626349061218
Home_cards_red,-0.04156594893726913,0.071628912123982,0.05892654137233126,-0.12283563373155082
Home_fouled,-0.06262981399963062,0.05731963378840367,0.22320520908225125,-0.08812209432273338
Home_tackles_won,-0.100892497161678,0.011587829194574857,0.2978138666396655,0.23111654256294542
Home_own_goals,-0.008744621828734965,0.03593570493076258,-0.03249688998079801,-0.024101793692961733
Home_pens_won,0.034797431118388684,-0.0764475800000714,-0.0077822371518486986,0.0015859912552625343
Home_pens_conceded,-0.028644569723914284,0.06020161127060023,-0.034462998369944355,-0.037825130171250554
Away_assists,0.20692021938198044,0.11151870795699002,0.04368921514754501,0.07018853044799352
Away_pens_made,0.09091507303555081,0.04626669769032931,0.018772277181897563,-0.08877349009975534
Away_pens_att,0.0955475786345039,0.05007401015990232,0.028790719070345566,-0.09397483071184683
Away_shots,0.24959708558610058,0.13536622890744832,0.08680831469782616,0.0750646980882365
Away_cards_yellow,-0.09531742241398146,-0.022858934128198116,0.20609297499058601,-0.2555010339629216
Away_cards_red,-0.05692562116821468,-0.016632430079914707,0.09198305032687082,-0.1192879562382105
Away_fouled,-0.018699118891708923,0.03134400815185392,0.2505108852478361,-0.13432838611311243
Away_tackles_won,-0.11801370931599744,-0.01883182931606622,0.29969271118183166,0.23112361038093293
Away_own_goals,-0.015450790307377017,-0.00986570345258103,-0.050717248381793055,0.00034446707573886624
Away_pens_won,0.07181511732901684,0.03439985832861591,-5.413827659092945e-05,-0.008964780809092054
Away_pens_conceded,-0.05923013845952152,-0.04145769907699516,-0.05716273592733563,-0.013750614019116014
Home_keeper_gk_shots_on_target_against,-0.0772972645425921,0.1763723519450241,-0.13407644203686825,0.006868935362808289
Home_keeper_gk_goals_against,-0.06459080030928392,0.15626547177280473,-0.10873033303241539,-0.06227246685364291
Home_keeper_gk_saves,-0.06606404207627217,0.14622494153527774,-0.10330181473000524,0.02472525767482238
Home_keeper_gk_save_pct,0.01624318989311705,-0.04542523725701692,-0.013258483435256842,0.11539295824019366
Away_keeper_gk_shots_on_target_against,-0.16588459348637263,-0.09458793060565071,-0.12684575884520705,-0.05199554064309619
Away_keeper_gk_goals_against,-0.14013241331501713,-0.07472382110867068,-0.08837820050226484,-0.06706014121038492
Away_keeper_gk_saves,-0.13886257986833456,-0.08043396096277816,-0.09766450941416058,-0.052792790306561616
Away_keeper_gk_save_pct,0.03928383905963583,0.01187750616498455,-0.0381953554764758,0.07826907313339976
home_xg,0.14076243794580925,-0.2739839085737936,0.034543630014136496,-0.016946196600998262
away_xg,0.26351617999506854,0.13967356558655125,0.031476289660672625,0.04631299935348605
