team_name,occurrences_home,occurrences_away,total_occurrences
The Celtic Football Club,357,356,713
Sport Lisboa e Benfica,350,339,689
AFC Ajax Amsterdam,333,347,680
Eindhovense Voetbalvereniging Philips Sport Vereniging,330,334,664
Futebol Clube do Porto,333,330,663
Olympiakos Syndesmos Filathlon Peiraios,329,332,661
Alkmaar Zaanstreek,334,323,657
Sporting Clube de Braga,326,324,650
Panthessalonikios Athlitikos Omilos Konstantinoupoliton,322,325,647
Sporting Clube de Portugal,325,315,640
Feyenoord Rotterdam,320,309,629
Fenerbahçe Spor Kulübü,313,313,626
AO FK Zenit Sankt-Peterburg,298,303,601
Galatasaray Spor Kulübü,298,299,597
Beşiktaş Jimnastik Kulübü,295,295,590
Football Club København,287,302,589
Aberdeen Football Club,292,295,587
FC Shakhtar Donetsk,288,294,582
Futbolniy Klub Dynamo Kyiv,278,295,573
Club Brugge Koninklijke Voetbalvereniging,288,284,572
PFK CSKA Moskva,281,289,570
Panathinaikos Athlitikos Omilos,282,286,568
FK Krasnodar,275,283,558
Trabzonspor Kulübü,277,277,554
Vitória Sport Clube,274,277,551
Koninklijke Atletiek Associatie Gent,273,271,544
"Футбольный клуб ""Локомотив"" Москва",265,272,537
FK Spartak Moskva,263,272,535
Royal Sporting Club Anderlecht,270,265,535
Fodbold Club Midtjylland,255,278,533
Football Club Utrecht,257,276,533
Koninklijke Racing Club Genk,263,265,528
İstanbul Başakşehir Futbol Kulübü,264,264,528
Motherwell Football Club,263,263,526
Sportclub Heerenveen,255,261,516
Football Club Twente,252,254,506
Rangers Football Club,257,247,504
FK Rostov,248,255,503
St. Johnstone FC,251,249,500
Rio Ave Futebol Clube,248,250,498
A.G.S Asteras Tripolis,244,251,495
Kasımpaşa A.Ş.,247,247,494
Kilmarnock Football Club,247,244,491
Athlitiki Enosi Konstantinoupoleos,244,245,489
Royal Standard Club de Liège,244,243,487
Heart of Midlothian Football Club,243,238,481
APS Atromitos Athinon,236,244,480
Football Club Groningen,236,242,478
Prins Hendrik Ende Desespereert Nimmer Combinatie Zwolle,235,242,477
RFK Akhmat Grozny,234,242,476
Konyaspor,238,238,476
Heracles Almelo,238,237,475
Vitesse Arnhem,233,242,475
FK Dinamo Moskva,228,246,474
FC Rubin Kazan,231,242,473
Brøndby Idrætsforening,224,248,472
FC Zorya Lugansk,222,238,460
Kayserispor Kulübü,230,230,460
Antalyaspor,230,230,460
Sivasspor,224,224,448
Hibernian Football Club,222,223,445
Moreirense Futebol Clube,225,218,443
Ross County FC,219,221,440
Royal Charleroi Sporting Club,220,219,439
Fodbold Club Nordsjælland,210,223,433
Randers Fodbold Club,206,226,432
Panetolikos Agrinio,206,216,422
CS Marítimo,211,208,419
Saint Mirren Football Club,210,207,417
Grupo Desportivo Estoril Praia,204,210,414
Yellow-Red Koninklijke Voetbalclub Mechelen,201,202,403
Aarhus Gymnastik Forening,188,213,401
KV Kortrijk,201,200,401
Aalborg BK,185,212,397
Boavista FC,197,198,395
Vorskla Poltava,191,202,393
Sportvereniging Zulte Waregem,195,197,392
Odense Boldklub,179,211,390
PFK Krylya Sovetov Samara,191,199,390
Çaykur Rizespor Kulübü,195,195,390
Sønderjyske Fodbold,180,207,387
Ural Yekaterinburg,188,198,386
Hertha BSC,186,199,385
FC Paços de Ferreira,189,192,381
Dundee Football Club,194,186,380
PAS Giannina,187,192,379
Omilos Filathlon Irakliou FC,188,188,376
Willem II Tilburg,180,184,364
Dundee United Football Club,179,185,364
Gil Vicente Futebol Clube,179,185,364
Alanyaspor,179,180,359
Cercle Brugge Koninklijke Sportvereniging,177,178,355
APO Levadiakos Football Club,173,177,350
Nijmegen Eendracht Combinatie,169,179,348
Aris Thessalonikis,172,172,344
Chornomorets Odesa,169,175,344
Koninklijke Sint-Truidense Voetbalvereniging,170,171,341
Futebol Clube de Arouca,171,170,341
FC Oleksandriya,161,171,332
Clube Desportivo Nacional,163,165,328
Go Ahead Eagles,158,168,326
ADO Den Haag,155,171,326
Sparta Rotterdam,157,168,325
Silkeborg Idrætsforening,144,179,323
Royal Antwerp Football Club,158,158,316
KV Oostende,157,156,313
Gençlerbirliği Spor Kulübü,156,156,312
Excelsior Rotterdam,151,153,304
Clube Desportivo de Tondela,148,155,303
Panionios Athens,148,153,301
Vitória Setúbal FC,151,146,297
Fortuna Sittardia Combinatie,142,151,293
AO Xanthi,143,148,291
RKC Waalwijk,146,145,291
Clube Desportivo Santa Clara,138,147,285
Oud-Heverlee Leuven,141,141,282
FK Ufa,137,143,280
SK Beveren,136,137,273
Portimonense SC,138,134,272
Esbjerg fB,124,148,272
FC Orenburg,134,134,268
Hamilton Academical FC,132,135,267
Nooit Opgeven Altijd Doorzetten Aangenaam Door Vermaak En Nuttig Door Ontspanning Combinatie Breda,131,135,266
PAS Lamia 1964,131,134,265
Gaziantep Futbol Kulübü A.Ş.,128,128,256
Futebol Clube de Famalicão,129,126,255
Livingston Football Club,127,127,254
KAS Eupen,125,126,251
Göztepe Sportif Yatırımlar A.Ş.,125,125,250
Viborg Fodsports Forening,113,134,247
Bursaspor,123,123,246
Akhisarspor,122,122,244
Arsenal Tula,115,129,244
Inverness Caledonian Thistle FC,118,123,241
GNK Dinamo Zagreb,120,121,241
AC Horsens,105,123,228
Anzhi Makhachkala ( -2022),110,117,227
Karpaty Lviv (-2021),109,117,226
FK Mariupol,107,118,225
KSC Lokeren (- 2020),110,112,222
AO Platanias,108,112,220
Partick Thistle FC,112,107,219
Athlitiki Enosi Larisas,106,111,217
Koninklijke Voetbal Club Westerlo,107,107,214
FK Sochi,106,108,214
Royal Excel Mouscron (-2022),107,106,213
FC Basel 1893 AG,107,106,213
Dnipro Dnipropetrovsk (-2020),103,109,212
Volou Neos Podosferikos Syllogos,105,107,212
SC Cambuur Leeuwarden,99,110,209
Legia Warszawa Spółka Akcyjna,106,102,208
Lyngby Boldklub,97,110,207
"FC Viktoria Plzeň, a.s.",103,104,207
CF Os Belenenses,101,103,204
Amkar Perm,101,103,204
Royale Union Saint-Gilloise,102,102,204
FK Kolos Kovalivka,101,102,203
Roda JC Kerkrade,100,101,201
Olimpik Donetsk,94,105,199
SC Fotbal Club FCSB SA,98,99,197
Berner Sport Club Young Boys,98,98,196
GD Chaves,96,99,195
FK Nizhny Novgorod,94,99,193
Fudbalski klub Crvena zvezda Beograd,94,96,190
Veria NPS,95,94,189
Hatayspor,94,94,188
VVV-Venlo,89,99,188
Apollon Smyrnis,92,95,187
Fatih Karagümrük Sportif Faaliyetler San. Tic. A.Ş.,93,93,186
Fudbalski Klub Partizan Beograd,92,93,185
NK Veres Rivne,91,93,184
Yeni Malatyaspor,92,92,184
MKE Ankaragücü,91,91,182
"AC Sparta Praha, a. s.",91,91,182
FC Rukh Lviv,89,91,180
Vejle Boldklub,78,101,179
Ludogorets Razgrad,89,90,179
Sportklub Rapid,87,89,176
Hobro IK,80,96,176
Kardemir Karabükspor,87,87,174
Qarabağ FK,87,85,172
Gaziantepspor (- 2020),85,85,170
"SK Slavia Praha, a.s.",84,85,169
FC Khimki (-2025),84,83,167
Malmö Fotbollförening,84,82,166
Volyn Lutsk,78,88,166
SC Dnipro-1,82,81,163
FK Kryvbas Kryvyi Rig,80,83,163
Hrvatski Nogometni Klub Rijeka,78,81,159
Panthrakikos Komotini,81,76,157
Molde Fotballklubb,78,78,156
KKS Lech Poznań Spółka Akcyjna,77,79,156
Fotbal Club CFR 1907 Cluj SA,77,77,154
Adana Demirspor,77,77,154
FC Emmen,71,82,153
Académica Coimbra,75,78,153
AOK Kerkyra,75,75,150
Casa Pia Atlético Clube,76,74,150
Rosenborg Ballklub,74,71,145
B SAD,73,72,145
Kuban Krasnodar (-2018),71,74,145
Maccabi Tel Aviv,73,72,145
Metalist Kharkiv (- 2016),68,73,141
Eskisehirspor,70,70,140
CD Feirense,72,66,138
Fakel Voronezh,65,65,130
Fotballklubben Bodø/Glimt,65,65,130
PFK Lviv,65,65,130
1.FC Nuremberg,60,70,130
HNK Hajduk Split,63,64,127
Football Club Volendam,61,66,127
Ingulets Petrove,65,62,127
Slovan Bratislava,61,64,125
TOV FK Metalist 1925 Kharkiv,63,62,125
Desportivo Aves (- 2020),61,62,123
SC Farense,62,61,123
Ferencvárosi TC,61,60,121
Sportklub Puntigamer Sturm Graz,60,60,120
Samsunspor,60,60,120
FC Minaj,60,59,119
Goverla Uzhgorod (- 2016),59,59,118
APOEL Nicosia,58,60,118
FC Sheriff Tiraspol,59,58,117
Metalurg Zaporizhya (-2016),56,61,117
Ankaraspor,58,58,116
Fußballklub Austria Wien,59,56,115
AEL Kalloni,57,58,115
FK Obolon Kyiv,56,59,115
FK Polissya Zhytomyr,55,60,115
FC Astana,57,57,114
Linzer Athletik-Sport-Klub,57,57,114
Panserraikos Serres,58,56,114
FC Lugano,57,56,113
FC Slovan Liberec,56,57,113
FC Vizela,55,58,113
FC Zürich,57,56,113
Jagiellonia-Bialystok Sportowa Spólka Akcyjna,56,56,112
Desna Chernigiv,57,54,111
RKS Raków Częstochowa SA,54,54,108
Club Football Estrela da Amadora,55,53,108
HJK Helsinki,53,53,106
Servette Football Club 1890 SA,53,52,105
Mordovia Saransk (-2020),51,54,105
Iraklis Thessaloniki,48,57,105
Fudbalski Klub Vojvodina,51,52,103
Mersin Talimyurdu SK,51,51,102
NK Osijek s.d.d.,52,50,102
LNZ Cherkasy,53,49,102
FK Baltika,50,52,102
NK Maribor,51,50,101
Torpedo Moscow,51,48,99
Beerschot VA,49,49,98
Wigan Athletic,46,50,96
Allmänna Idrottsklubben,48,48,96
Idrottsföreningen Elfsborg,48,47,95
GS Ergotelis,46,49,95
Metalurg Donetsk (- 2015),47,48,95
PFK Stal Kamyanske (-2018),46,49,95
FC St. Gallen 1879,47,47,94
De Graafschap Doetinchem,46,47,93
Catania FC,48,45,93
BATE Borisov,46,47,93
U Craiova 1948 Club Sportiv SA,46,47,93
Fudbalski klub Čukarički Beograd,46,46,92
FC Luzern,46,46,92
Almere City FC,46,46,92
"FK Mladá Boleslav, a.s.",46,46,92
Lierse SK (- 2018),45,45,90
Akron Togliatti,48,41,89
BK Häcken,44,44,88
FK Jablonec a.s.,43,44,87
Football Club Lausanne-Sport,43,43,86
Grasshopper Club Zürich,43,43,86
RZ Pellets Wolfsberger Athletiksport Club,43,42,85
Dinamo Makhachkala,39,46,85
NK Lokomotiva Zagreb,43,40,83
Omonia Nicosia,41,42,83
Hapoel Beer Sheva,42,40,82
Al-Hilal Saudi Football Club,39,43,82
Arsenal Kyiv,37,44,81
FC Sion,41,40,81
PFK Tambov (-2021),38,42,80
Fudbalski klub TSC Bačka Topola,40,40,80
F.C.V. Farul Constanța SA,40,40,80
FC Vestsjaelland,35,45,80
Gliwicki Klub Sportowy Piast Spółka Akcyjna,39,40,79
Reading FC,38,41,79
Djurgårdens Idrottsförening,41,37,78
Morski Klub Sportowy Pogoń Szczecin,39,39,78
Tom Tomsk,36,41,77
Athlitiki Enosi Kifisias,36,41,77
"SK Sigma Olomouc, a.s.",38,38,76
SK Tavriya Simferopol ( - 2022),41,35,76
FC Sochaux-Montbéliard,38,38,76
Valenciennes FC,38,38,76
NK Slaven Belupo Koprivnica,37,38,75
Dinamo Minsk,38,37,75
Spartak Trnava,37,37,74
Denizlispor,37,37,74
Klub Sportowy Lechia Gdańsk,37,37,74
Istanbulspor,37,37,74
AEK Larnaca,37,37,74
Zagłębie Lubin Spółka Akcyjna,37,37,74
Erzurumspor FK,37,37,74
Giresunspor,37,37,74
Apollon Limassol,37,36,73
Klub Sportowy Cracovia Spółka Akcyjna,36,37,73
Maccabi Haifa,36,36,72
NK Varazdin,36,36,72
Fotbal Club Petrolul Ploiești,36,36,72
Klub Sportowy Górnik Zabrze Sportowa Spółka Akcyjna,36,36,72
Shamrock Rovers,37,35,72
1. FC Slovácko,36,36,72
Sportsklubben Brann,35,37,72
AVS Futebol SAD,37,35,72
Sportclub Rheindorf Altach,35,36,71
HNK Gorica,35,36,71
Tromsø Idrettslag,37,34,71
SC Olhanense,36,35,71
HSK Zrinjski Mostar,35,36,71
Fussballclub Winterthur,35,36,71
Al-Ittihad Football Club,35,35,70
Falkirk Football & Athletic Club,30,40,70
NK Istra 1961,35,35,70
Eyüp Spor Kulübü,35,35,70
FC Baník Ostrava a.s.,35,35,70
Real Zaragoza,35,34,69
Miejski Klub Sportowy Korona Kielce Spółka Akcyjna,34,34,68
Damac Football Club,34,34,68
Al-Shabab Club,34,34,68
Al-Ettifaq Football Club,34,34,68
Al-Ahli Saudi Football Club,34,34,68
Al-Fayha FC,34,34,68
Al-Nassr Football Club,34,34,68
Widzew Łódź Spółka Akcyjna,34,34,68
Al-Riyadh Saudi Club,34,34,68
Radomiak S.A.,34,34,68
Al-Taawoun Football Club,34,34,68
Motor Lublin Spółka Akcyjna,34,34,68
GKS GieKSa Katowice Spółka Akcyjna,34,34,68
Al-Qadsiah Saudi Football Club,34,34,68
Fodbold Club Fredericia,29,39,68
Kayseri Erciyesspor,34,34,68
Al-Fateh Club,34,34,68
Al-Okhdood Club,34,34,68
Al-Khaleej Club (Saihat),34,34,68
Al-Kholood Club,34,34,68
Fudbalski Klub Radnički Niš,34,34,68
RFC Seraing,34,34,68
NK Olimpija Ljubljana,35,33,68
Elazigspor,34,34,68
FK Karpaty Lviv,34,34,68
Shkendija Tetovo,33,34,67
Videoton FC,34,33,67
Niki Volou,29,38,67
Lincoln Red Imps FC,34,32,66
F91 Dudelange,33,33,66
Athens Kallithea,31,35,66
Fudbalski Klub Spartak Ždrepčeva krv,33,33,66
FC Penafiel,34,32,66
Asociația Fotbal Club Botoșani,33,33,66
FK Zalgiris Vilnius,33,33,66
Volga Nizhniy Novgorod (- 2016),31,34,65
Zirka Kropyvnytskyi,32,33,65
Sociedade Esportiva Palmeiras,33,32,65
Enisey Krasnoyarsk,29,36,65
Fluminense Football Club,33,31,64
The New Saints,32,32,64
FK Radnički 1923 Kragujevac,32,32,64
Kairat Almaty,32,32,64
Fotbal Club Rapid 1923 SA,32,32,64
SC Dinamo 1948 SA,32,32,64
Clube de Regatas do Flamengo,32,31,63
SKA Khabarovsk,30,33,63
Fudbalski Klub Mladost Lučani,31,31,62
"Bohemians Praha 1905, a.s.",31,31,62
Asociația Sportivă Fotbal Club Universitatea Cluj,31,31,62
Fudbalski Klub Novi Pazar,31,31,62
Linfield FC,30,32,62
Idrottsföreningen Kamraterna Göteborg,30,31,61
FC Verbroedering Denderhoutem Denderleeuw Eendracht Hekelgem,30,30,60
FK Dukla Praha a.s.,30,30,60
FK Pardubice,30,30,60
"FK Teplice, a.s.",30,30,60
RAEC Mons (- 2015),30,30,60
FC Pyunik Yerevan,30,30,60
FC Hradec Králové a.s.,30,30,60
Sportclub Telstar,22,38,60
MFK Karvina,30,30,60
Asociația Fotbal Club UTA Arad,30,30,60
Asociația Fotbal Club Hermannstadt,30,30,60
Ionikos Nikeas,29,31,60
Železničar Pančevo,30,30,60
Asociația Fotbal Club Unirea 04 Slobozia,30,30,60
Fudbalski Klub IMT Novi Beograd,30,30,60
SC Oţelul Galaţi,30,30,60
Omladinski fudbalski klub Beograd,30,30,60
Fudbalski klub Napredak Kruševac,30,30,60
Slask Wroclaw,30,30,60
Grazer Athletiksport Klub 1902,29,30,59
S. A. F. Botafogo,27,32,59
Wattener Sportgemeinschaft Swarovski Tirol,29,30,59
CF União Madeira (-2021),29,30,59
Clube Atlético Mineiro,27,31,58
Grêmio Foot-Ball Porto Alegrense,29,29,58
Sport Club Corinthians Paulista,29,29,58
FC Thun,29,29,58
Breidablik Kópavogur,27,30,57
Vendsyssel FF,28,29,57
Santos Futebol Clube,29,27,56
Hvidovre IF,28,28,56
Club de Regatas Vasco da Gama,29,27,56
Sport Club Internacional,28,28,56
São Paulo Futebol Clube,27,29,56
FC Helsingör,22,34,56
Red Bull Bragantino,28,28,56
Cruzeiro Esporte Clube,29,27,56
Mirasol Futebol Clube,28,27,55
Sarpsborg 08 Fotballforening,27,28,55
Esporte Clube Bahia,28,27,55
Esporte Clube Vitória,27,28,55
Hammarby IF,29,26,55
Eintracht Braunschweig,27,27,54
FC Dordrecht,24,30,54
Western Sydney Wanderers,26,28,54
Germany,32,21,53
France,27,26,53
NK Celje,27,26,53
Rotor Volgograd,23,30,53
Club Internacional de Fútbol Miami,25,28,53
FC Vaduz,27,26,53
Neftchi Baku,27,25,52
KÍ Klaksvík,26,26,52
FC Tosno (-2018),25,27,52
Auckland Football Club,26,26,52
Macarthur South West Sydney (A-League),26,26,52
Melbourne City Football Club,26,26,52
Sydney Football Club,26,26,52
Adelaide United Football Club,26,26,52
Shrewsbury Town,25,27,52
Central Coast Mariners Football Club,26,26,52
US Livorno 1915,30,22,52
Melbourne Victory FC,26,26,52
Kuopion Palloseura,26,26,52
Newcastle United Jets Football Club,26,26,52
Perth Glory Football Club,26,26,52
Los Angeles Football Club,27,25,52
Wellington Phoenix Football Club,26,26,52
Brisbane Roar FC,26,26,52
Seattle Sounders FC,26,25,51
Peterborough United,28,23,51
Spain,28,23,51
Viking Fotballklubb,26,25,51
FC Flora Tallinn,25,25,50
Siena FC,25,25,50
Dundalk FC,24,26,50
Philadelphia Union,23,26,49
Columbus Crew,24,25,49
Oxford United,23,26,49
FC Dallas,26,23,49
New York City Football Club,25,24,49
Football Club Cincinnati,24,25,49
D.C. United,24,25,49
Red Bull New York,24,25,49
San Jose Earthquakes,24,25,49
Colorado Rapids,23,26,49
Minnesota United FC,24,25,49
FC RFS,24,25,49
Los Angeles Galaxy,24,25,49
Charlotte Football Club,26,23,49
Orlando City Soccer Club,24,25,49
Houston Dynamo,24,24,48
Nashville SC,24,24,48
San Diego Football Club,26,22,48
St. Louis City Soccer Club,23,25,48
Portland Timbers,23,25,48
Real Salt Lake,25,23,48
New England Revolution,25,23,48
Newport County,27,21,48
Atlanta United Football Club,25,23,48
Chicago Fire Soccer Club,25,23,48
Sporting Kansas City,24,24,48
Club de Foot Montréal,23,25,48
Portugal,25,23,48
Vancouver Whitecaps FC,25,23,48
Toronto FC,26,22,48
Austin FC,23,25,48
SC Beira-Mar,22,25,47
Mansfield Town,21,26,47
Doncaster Rovers,17,30,47
England,25,21,46
Port Vale FC,27,19,46
Idrottsföreningen  Brommapojkarna,21,25,46
CSKA-Sofia,24,22,46
Blackburn Rovers,23,22,45
Ulsan Hyundai Football Club,22,23,45
Fredrikstad Fotballklubb,22,23,45
AFC Wimbledon,24,20,44
FK Haugesund,22,22,44
Plymouth Argyle,20,24,44
Bradford City,21,23,44
Strømsgodset IF,22,22,44
Coventry City,22,22,44
FCI Levadia,21,23,44
Buducnost Podgorica,21,22,43
Vålerengens Idrettsforening,22,21,43
Jeonbuk Hyundai Motors,21,22,43
Alashkert Yerevan FC,22,21,43
SC Covilhã,20,22,42
Milton Keynes Dons,22,20,42
FK Qabala,21,21,42
Cambridge United,26,16,42
FC Drita,20,22,42
Sheffield Wednesday,21,21,42
Club de Fútbol Monterrey Rayados A.C.,19,23,42
Fleetwood Town,18,24,42
Sepsi OSK Sf. Gheorghe,21,21,42
IFK Norrköping,21,21,42
FK Sarajevo,21,21,42
Wycombe Wanderers,18,23,41
Spartak Vladikavkaz (-2020),20,21,41
Göteborgs Atlet- och Idrottssällskap,21,20,41
Sandefjord Fotball,20,21,41
Epicentr Dunaivtsi,22,19,41
Riga FC,21,20,41
KFUM-Kameratene Oslo,21,20,41
Kristiansund Ballklubb,20,21,41
Bristol Rovers,20,21,41
Bristol City,24,17,41
Millwall FC,27,14,41
FK Suduva Marijampole,20,21,41
Foundation Coorperation Hana Financial Group Inc. Football Club,19,21,40
Greenock Morton FC,14,26,40
Football Club Pohang Steelers,25,15,40
IK Sirius,20,20,40
Rochdale AFC,23,17,40
Mjällby Almänna Idrottsförening,19,21,40
Walsall FC,19,21,40
Accrington Stanley,22,18,40
Netherlands,28,12,40
Linlithgow Rose FC,22,18,40
Blackpool FC,17,23,40
Halmstads BK,20,20,40
Degerfors IF,21,19,40
Astra Giurgiu (- 2024),20,20,40
Metalist Kharkiv,20,20,40
Hamarkameratene,21,19,40
Leixões SC,20,20,40
FC Milsami Orhei,20,20,40
Dinamo Tbilisi,19,20,39
Panachaiki GE,16,23,39
Exeter City,22,17,39
Gimcheon Sangmu Football Club,19,20,39
Grimsby Town,22,17,39
Shakhter Soligorsk,20,19,39
Barnsley FC,20,19,39
Italy,21,18,39
HB Köge,14,25,39
Volga Uljanovsk,22,17,39
Kalju FC,20,19,39
Fortaleza Esporte Clube,19,19,38
Stevenage FC,19,19,38
Carlisle United,18,20,38
Víkingur Gøta,19,19,38
Livyi Bereg Kyiv,20,18,38
Esporte Clube Juventude,19,19,38
Lincoln City,17,21,38
FC Ballkani,19,19,38
Sport Club do Recife,19,19,38
Raith Rovers FC,11,27,38
Gillingham FC,22,16,38
Ceará Sporting Club,19,19,38
Croatia,19,19,38
Altay SK,19,19,38
Gwangju Football Club,19,19,38
Pendikspor,19,19,38
Jeju SK Football Club,19,18,37
FH Hafnarfjördur,19,18,37
Sanfrecce Hiroshima,17,20,37
Oldham Athletic,12,25,37
Kashima Antlers FC,20,17,37
FC Differdange 03,18,19,37
Ayr United FC,20,17,37
Birmingham City,20,17,37
FK Partizani,19,18,37
Urawa Red Diamonds,17,20,37
KF Skënderbeu,18,18,36
Derby County,18,18,36
Ümraniyespor,18,18,36
Switzerland,16,20,36
B36 Tórshavn,18,18,36
Tranmere Rovers,19,17,36
FC Trinity Zlin,18,18,36
FC Santa Coloma,18,18,36
Elgin City FC,23,13,36
Kolding IF,15,21,36
St. Patrick's Athletic,18,18,36
Morski Związkowy Klub Sportowy Arka Gdynia Spółka Akcyjna,18,18,36
Sportvereinigung Ried 1912,18,18,36
Chernomorets Novorossijsk,23,13,36
Portsmouth FC,19,17,36
Bodrum FK,18,18,36
Brora Rangers FC,17,19,36
Preston North End,22,14,36
Cheltenham Town,21,15,36
FK Tyumen,21,15,36
HNK Vukovar 1991,18,18,36
SK Poltava,15,21,36
Bolton Wanderers,25,10,35
Charlton Athletic,18,17,35
FK Sevastopol (- 2014),18,17,35
Burton Albion,17,18,35
FC Petrocub Hincesti,18,17,35
FK Kudrivka-1,17,18,35
Edinburgh City FC,19,16,35
Club Atlético River Plate,18,17,35
FK Sutjeska Niksic,17,18,35
Futebol Clube de Alverca,17,18,35
Stranraer FC,20,15,35
CD Mirandés,15,20,35
Víkingur Reykjavík,18,17,35
Chesterfield FC,16,19,35
Gangwon Football Club,19,16,35
Al-Najma Sport Club,17,17,34
Adanaspor,17,17,34
Al-Wehda FC,17,17,34
Shinnik Yaroslavl,15,19,34
Puszcza Niepolomice,17,17,34
Dunfermline Athletic FC,14,20,34
Stal Mielec,17,17,34
Al-Hazem Sport Club,17,17,34
Football Club Anyang,16,18,34
Football Club Seoul,16,18,34
Argentina,23,11,34
FK Aktobe,17,17,34
NK Domzale,17,17,34
Tekstilshchik Ivanovo,22,12,34
Al-Orobah FC,17,17,34
Kocaelispor Kulübü,17,17,34
Balikesirspor,17,17,34
Neom Sports Club,17,17,34
Al-Raed SFC,17,17,34
Wisła Płock Spółka Akcyjna,17,17,34
Termalica Bruk-Bet Nieciecza Klub Sportowy,17,17,34
Yverdon Sport FC,17,17,34
Levski Sofia,17,17,34
Crusaders FC,17,17,34
Orduspor,17,17,34
Dinamo Bryansk,21,12,33
MSK Zilina,16,17,33
Brechin City FC,16,17,33
HNK Sibenik,16,17,33
Stirling Albion FC,16,17,33
Promotora del Club Pachuca S. A. de C. V.,16,17,33
FC Noah Yerevan,16,17,33
Forfar Athletic FC,17,16,33
Fraserburgh FC,18,15,33
Dumbarton FC,20,13,33
Formartine United FC,18,15,33
Cove Rangers FC,12,21,33
Queen's Park FC,13,20,33
Racing Santander,12,20,32
FC Roskilde,12,20,32
Hamrun Spartans,16,16,32
Wrexham AFC,19,13,32
Debreceni VSC,16,16,32
AD Alcorcón,14,18,32
FK Kukësi,17,15,32
Stenhousemuir FC,19,13,32
CS Fola Esch,15,17,32
East Kilbride FC,15,17,32
1.FC Kaiserslautern,12,20,32
FC Cartagena,15,17,32
Hibernians FC,16,16,32
Akademisk Boldklub,10,22,32
ACSM Politehnica Iasi,16,16,32
FK Borac Banja Luka,17,15,32
Pafos FC,16,16,32
Tokyo Verdy,15,17,32
Buckie Thistle FC,11,21,32
Skive IK,11,20,31
Hitachi Kashiwa Reysol,16,15,31
CD Tenerife,10,21,31
KamAZ Naberezhnye Chelny,18,13,31
BK Fremad Amager,13,18,31
Arbroath FC,16,15,31
Brazil,21,10,31
La Fiorita 1967,16,15,31
Club Atlético Boca Juniors,15,16,31
SV Spakenburg,20,11,31
Tokyo Football Club,16,15,31
Naestved Boldklub,14,17,31
Crewe Alexandra,17,14,31
The Spartans FC,16,15,31
Leyton Orient,15,16,31
Club de Fútbol Cruz Azul S.A. de C.V.,16,15,31
NS Mura,16,15,31
Albirex Niigata,16,15,31
Valletta FC,16,15,31
FK Jedinstvo Ub,15,15,30
AS Cittadella,13,17,30
Asociația Futball Klub Csíkszereda Miercurea Ciuc,16,14,30
Asociația Clubul Sportiv Campionii Fotbal Club Argeș,15,15,30
Fotbal Club Metaloglobus București SA,15,15,30
FK Tekstilac Odzaci,15,15,30
SK Dynamo Ceske Budejovice,15,15,30
ASFC Buzau (2016-2025),15,15,30
JFK Ventspils,16,14,30
RAAL La Louvière,15,15,30
Fudbalski Klub Javor Matis Ivanjica,15,15,30
Fudbalski klub Radnik Surdulica,15,15,30
FC Dila Gori,15,15,30
Club de Futbol América S. A. de C. V.,17,13,30
Clyde FC,12,18,30
Northampton Town,13,17,30
Nagoya Grampus Eight,15,15,30
Östers IF,15,15,30
Bryne FK,15,15,30
Club Atlético Unión,15,15,30
Kawasaki Frontale,15,15,30
IFK Värnamo,15,15,30
Larne FC,15,15,30
Club Atlético San Lorenzo de Almagro,15,15,30
Avispa Fukuoka,14,16,30
Volgar Astrakhan,16,14,30
Yokohama FC,14,16,30
Kyoto Purple Sanga,15,15,30
RWD Molenbeek,15,15,30
Albion Rovers FC,19,11,30
Beerschot AC,15,15,30
Club Atlético Barracas Central,15,15,30
Notts County,12,17,29
Belgium,16,13,29
Gamba Osaka,16,13,29
Club Estudiantes de La Plata,13,16,29
Sokol Saratov,14,15,29
Boldklubben af 1893,12,17,29
Hartlepool United,15,14,29
S-Pulse,16,13,29
Zvezda Ryazan,13,16,29
Brönshöj Boldklub,15,14,29
VV Noordwijk,15,14,29
Fagiano Okayama Sports Club,15,14,29
Crawley Town,13,16,29
Club Deportivo Guadalajara S. A. de C. V.,12,17,29
Rakuten Vissel Kobe,15,14,29
Shonan Bellmare,15,14,29
Cerezo Osaka,15,14,29
Morecambe FC,9,20,29
FK Zeljeznicar Sarajevo,14,15,29
Auchinleck Talbot FC,15,14,29
Club Atlético Rosario Central,15,14,29
SD Ponferradina,11,18,29
Club Atlético Tucumán,13,16,29
Club Atlético Sarmiento,14,15,29
Club Atlético Huracán,15,14,29
Nyköbing FC,12,17,29
Club Tigres UANL Sinergia Deportiva S.A. de C.V.,15,14,29
Club Tijuana Xoloitzcuintles de Caliente,15,14,29
FK Chelyabinsk,14,15,29
Club Atlético Platense,13,15,28
Montrose FC,10,18,28
HB Tórshavn,14,14,28
Club Atlético Aldosivi,15,13,28
Racing Club Asociación Civil de Avellaneda,12,16,28
Club Atlético Belgrano,15,13,28
Club León Fútbol Club,13,15,28
Kozakken Boys,22,6,28
Cultural Leonesa,17,11,28
Aarhus Fremad,12,16,28
Spartak Nalchik,17,11,28
Albacete Balompié,12,16,28
Querétaro Fútbol Club,14,14,28
Club de Gimnasia y Esgrima La Plata,15,13,28
Club Atlético Talleres,13,15,28
Club Atlético Lanús,15,13,28
Anagennisi Karditsa,17,11,28
Rotherham United,13,15,28
AEL Limassol,14,14,28
Queen of the South FC,14,14,28
Club Social y Deportivo Defensa y Justicia,14,14,28
Zelvia,14,14,28
Torpedo Kutaisi,14,14,28
AS Trencin,14,14,28
Club Atlético Newell’s Old Boys,13,15,28
SK Austria Klagenfurt,13,15,28
Tobol Kostanay,14,14,28
Berwick Rangers FC,15,13,28
Dinamo Stavropol,14,14,28
Valur Reykjavík,14,14,28
Znamya Truda Orekhovo-Zuevo,16,12,28
Avangard Kursk,14,13,27
Boreham Wood FC,16,11,27
Dinamo Barnaul,14,13,27
VV IJsselmeervogels,21,6,27
FC Kaluga,14,13,27
AO Trikala,15,12,27
De Treffers,17,10,27
Salford City,17,10,27
Brabrand IF,15,12,27
Yeovil Town,16,11,27
Bonnyrigg Rose FC,13,14,27
Club Atlético Vélez Sársfield,13,14,27
Asociación Atlética Argentinos Juniors,15,12,27
Club Atlético Banfield,14,13,27
Club Atlético Independiente de Avellaneda,14,13,27
Club Atlético Central Córdoba,15,12,27
UD Oliveirense,12,15,27
Olympiakos Volou,14,13,27
Club de Futbol Rojinegros S.A. de C.V.,15,12,27
FK Inter Baku,14,13,27
Asociación de Fomento Deportivo Riestra Barrio Colón,13,14,27
Middelfart Boldklub,12,15,27
Impulsora del Deportivo Necaxa S.A. de C.V.,14,13,27
Poland,13,14,27
Birkirkara FC,13,13,26
Stockport County,14,12,26
Fútbol Club Juárez,14,12,26
Vardar Skopje,13,13,26
MFK Mykolaiv,16,10,26
Club Atlético Tigre,12,14,26
Club Universidad Nacional A. C.,13,13,26
KR Reykjavík,12,14,26
Gimnàstic de Tarragona,13,13,26
Karlsruher SC,9,17,26
Bukovyna Chernivtsi,11,15,26
VVSB Noordwijkerhout,13,13,26
KF Laçi,13,13,26
Airdrieonians FC,13,13,26
ASWH Ambacht,13,13,26
Zenit Izhevsk,17,9,26
GVVV Veenendaal,18,8,26
Rijnsburgse Boys,18,8,26
Cowdenbeath FC,16,10,26
Club de Futbol Puebla de La Franja,12,14,26
FC Progrès Niederkorn,14,12,26
"Deportivo Toluca Futbol Club, S. A. de C. V.",13,13,26
Swindon Town,10,16,26
Yokohama Marinos,12,14,26
Girnyk-Sport Gorishni Plavni,11,15,26
Mashuk-KMV Pyatigorsk,14,12,26
Shakhter Karaganda,13,13,26
Stjarnan Gardabaer,13,13,26
Mazatlán Futbol Club,13,13,26
Western United FC,13,13,26
Neftekhimik Nizhnekamsk,9,16,25
Instituto Atlético Central Córdoba,12,13,25
PGS Kissamikos,13,12,25
Torpedo Vladimir,13,12,25
Club Sportivo Independiente Rivadavia,13,12,25
Wick Academy FC,12,13,25
UD Logroñés,15,10,25
Club Atlético de San Luis,13,12,25
Beitar Jerusalem,12,13,25
VSK Aarhus,12,13,25
Uruguay,16,9,25
Thisted FC,9,16,25
Ordabasy Shymkent,13,12,25
Hellerup IK,14,11,25
FC Lisse,17,8,25
SV Sandhausen,12,13,25
VV Capelle,17,8,25
BVV Barendrecht,14,11,25
AC Perugia Calcio,12,13,25
Barnet FC,13,12,25
Club Santos Laguna S. A. de C. V.,12,12,24
Zvezda St. Petersburg,12,12,24
Biolog-Novokubansk Progress,13,11,24
FC Den Bosch,12,12,24
HSV Hoek,13,11,24
Alloa Athletic FC,13,11,24
Nyva Ternopil,8,16,24
Colchester United,13,11,24
Gzira United FC,12,12,24
Botev Plovdiv,12,12,24
Apollon Pontou,10,14,24
Lothian Thistle Hutchison Vale FC,13,11,24
FC Zimbru Chisinau,12,12,24
Europa FC,11,13,24
Metallurg Lipetsk,14,10,24
SVV Scheveningen,14,10,24
AFC Amsterdam,16,7,23
Suwon FC,11,12,23
Barrow AFC,11,12,23
FC Südtirol-Alto Adige,7,16,23
Denmark,10,13,23
USV Hercules Utrecht,14,9,23
FC Eindhoven,6,17,23
Turriff United FC,9,14,23
Japan,12,11,23
CD Lugo,9,14,23
Chaika Peschanokopskoe,13,10,23
DAC Dunajska Streda,11,12,23
Huntly FC,12,11,23
South Korea,10,13,23
Luki-Energia Velikie Luki,15,8,23
Eastleigh FC,11,12,23
Lleida Esportiu,14,9,23
East Fife FC,13,10,23
Excelsior Maassluis,11,12,23
Harrogate Town,11,11,22
Sutton United,12,10,22
Nairn County FC,11,11,22
Mexico,8,14,22
Académico Viseu FC,9,13,22
Australia,10,12,22
Sparta Nijkerk,16,6,22
Atlético Nacional,11,11,22
Connah's Quay Nomads,12,10,22
Scunthorpe United,9,13,22
Civil Service Strollers FC,9,13,22
Cliftonville FC,11,11,22
Syzran-2003,12,10,22
Chikhura Sachkhere,11,11,22
Naesby Boldklub,11,11,22
Peterhead FC,17,5,22
Russia,10,12,22
NK Siroki Brijeg,11,11,22
Sweden,12,10,22
FK Liepaja,11,11,22
FK Trakai,12,10,22
Eginiakos,11,11,22
Harkemase Boys,11,11,22
AO Chania,12,10,22
Inter Club d'Escaldes,9,13,22
DVS '33 Ermelo,13,9,22
Dinamo Batumi,10,11,21
CD Numancia,10,11,21
Daegu FC,9,12,21
Al Ahly FC,12,9,21
Czech Republic,10,11,21
Koninklijke HFC Haarlem,10,11,21
Southend United,9,12,21
Paide Linnameeskond,10,11,21
Vanlöse IF,8,13,21
Druzhba Maikop,10,11,21
Salyut Belgorod,10,11,21
Derry City,10,11,21
University of Stirling FC,9,12,21
Gala Fairydean Rovers FC,11,10,21
BK Frem,8,13,21
MFK Ruzomberok,10,11,21
FC Prishtina,10,11,21
St Joseph's FC,11,10,21
Vicenza Calcio,8,13,21
FC Shkupi,10,11,21
Kuban Holding Pavlovskaya,8,13,21
Virtus Entella,11,10,21
SP Tre Penne,12,9,21
SS Juve Stabia,10,11,21
Jammerbugt FC,11,10,21
FC Shirak Gyumri,10,11,21
Alianza FC,10,10,20
FC Urartu Yerevan,10,10,20
Sakhalin Yuzhno-Sakhalinsk,12,8,20
SG Dynamo Dresden,13,7,20
Ternana Calcio,9,11,20
UE Santa Coloma,10,10,20
FC Kolomna,10,10,20
Boyacá Chicó FC,10,10,20
CD América de Cali,10,10,20
Deportes Tolima,10,10,20
Banks O' Dee FC,10,10,20
Rabotnicki Skopje,10,10,20
APS Zakynthos,10,10,20
AO Acharnaikos,13,7,20
Fortaleza CEIF,10,10,20
Mladost Podgorica,10,10,20
FK Dolgoprudnyi,9,11,20
AO Kavala,10,10,20
US Alessandria Calcio 1912,7,13,20
Dagenham & Redbridge FC,7,13,20
Independiente Santa Fe,10,10,20
Junior FC,10,10,20
Budapest Honvéd FC,11,9,20
Rionegro Águilas,10,10,20
Unión Magdalena,10,10,20
Nosta Novotroitsk,8,12,20
Independiente Medellín,10,10,20
Once Caldas,10,10,20
Deveronvale FC,11,9,20
Deportivo Cali,10,10,20
HHC Hardenberg,11,9,20
Atlético Bucaramanga,10,10,20
TSV 1860 Munich,12,8,20
Nyva Vinnytsya,12,8,20
Holbaek B&I,13,7,20
Inverurie Loco Works FC,12,8,20
SSV Jahn Regensburg,15,5,20
Llaneros FC,10,10,20
Envigado FC,10,10,20
Deportivo Pereira,10,10,20
Internacional de Bogotá,10,10,20
Hilleröd Fodbold,9,11,20
Boldklubben Marienlyst,12,8,20
CD Alcoyano,14,6,20
Asociación Deportivo Pasto,10,10,20
Millonarios FC,10,10,20
KF Tirana,9,10,19
Slavutych Cherkasy,13,6,19
Aldershot Town,7,12,19
Broxburn Athletic FC,7,12,19
Iberia 1999 Tbilisi,9,10,19
Bury FC,12,7,19
RKSV Groene Ster,14,5,19
ADO '20 Heemskerk,14,5,19
Bo'ness United FC,7,12,19
Chertanovo Moscow,8,11,19
Legion-Dinamo Makhachkala,11,8,19
Kelty Hearts FC,8,11,19
MVV Maastricht,7,12,19
Anorthosis Famagusta,9,10,19
Viktoriya Sumy,12,7,19
Clachnacuddin FC,11,8,19
Kjellerup IF,13,6,19
US Avellino 1912,8,11,19
Ukraine,9,10,19
Racing Ferrol,8,11,19
Veles Moscow,11,8,19
SV TEC Tiel,9,10,19
AS Bari,10,9,19
VV Katwijk,12,7,19
Irtysh Omsk,14,5,19
Burgos CF,7,12,19
East Stirlingshire FC,9,10,19
VV Staphorst,9,9,18
Clube do Remo,9,9,18
Clube Atlético Paranaense,10,8,18
UCAM Murcia CF,11,7,18
1.FC Magdeburg,12,6,18
Khimik Dzerzhinsk,11,7,18
Neman Grodno,9,9,18
Preston Athletic FC,11,7,18
SKA Rostov-na-Donu,9,9,18
Novara Calcio 1908,9,9,18
BSC Glasgow,9,9,18
Dinamo Vladivostok,11,7,18
CF Fuenlabrada,5,13,18
Aris Limassol,9,9,18
Apollon Paralimniou,7,11,18
Maidstone United,8,10,18
Solihull Moors,8,10,18
VV DOVO Veenendaal,9,9,18
Luch-Energia Vladivostok,7,11,18
TOP Oss,5,13,18
Odds BK,9,9,18
Cork City FC,9,9,18
United States,8,10,18
Feralpisalò,6,12,18
Agrobiznes Volochysk,7,11,18
Kalmar Fotbollförening,9,9,18
Bala Town,8,10,18
Alania Vladikavkaz,8,10,18
Rodina Moscow,10,8,18
NSÍ Runavík,9,9,18
Shelbourne FC,9,9,18
Iran,10,8,18
Real Murcia CF,11,7,18
Coritiba Foot Ball Club,8,10,18
Avarta,9,8,17
1.FC Saarbrücken,17,0,17
FK Chita (-2022),10,7,17
Kremin Kremenchuk,10,7,17
Rothes FC,7,10,17
Nigeria,9,8,17
Quick Boys,12,5,17
Excelsior '31 Rijssen,10,7,17
PS Kalamata,9,8,17
Forres Mechanics FC,12,5,17
Lillestrøm Sportsklubb,8,9,17
Modena FC,8,9,17
Costa Rica,6,11,17
Calcio Padova,8,9,17
FK Armavir,9,8,17
Egaleo 1931,10,7,17
PFC Prykarpattya Ivano-Frankivsk,7,10,17
FK Astrakhan,11,6,17
Cosenza Calcio,5,12,17
FK Kauno Zalgiris,8,9,17
IF Lyseng,9,8,17
FC Erzgebirge Aue,8,9,17
Associação Chapecoense de Futebol,9,8,17
Morocco,7,10,17
HSC '21 Haaksbergen,10,7,17
Trapani Calcio,11,6,17
Floriana FC,9,8,17
FK Panevezys,8,8,16
Gateshead FC,9,7,16
Clydebank FC,10,6,16
Ascoli Calcio,8,8,16
Zira FC,8,8,16
Asociación Atlética Estudiantes,8,8,16
Cumbernauld Colts FC,9,7,16
Macclesfield Town FC,8,8,16
Real Jaén CF,10,6,16
Balzan FC,8,8,16
Sligo Rovers,8,8,16
York City,7,9,16
Strogino Moscow,7,9,16
Dacia Chisinau,8,8,16
Ledöje-Smörum Fodbold,13,3,16
Bromley FC,9,7,16
Ironi Kiryat Shmona,8,8,16
US Catanzaro,4,12,16
VV Gemert,9,7,16
Blauw Geel '38 / Jumbo,10,6,16
Viby IF,11,5,16
Hércules CF,9,7,16
Torpedo-BelAZ Zhodino,8,8,16
Musselburgh Athletic FC,9,7,16
FC Hansa Rostock,11,5,16
VV UNA Veldhoven,4,12,16
Turkiye,6,10,16
EVV Echt,8,8,16
Lada Togliatti,9,7,16
Sportlust '46 Woerden,4,12,16
CD Trofense,8,8,16
Club Atlético Gimnasia y Esgrima de Mendoza,8,8,16
KF Teuta,9,7,16
Spartak Kostroma,6,10,16
APO Fostiras,9,6,15
SC Genemuiden,7,8,15
OJC Rosmalen,10,5,15
ODIN '59 Heemskerk,7,8,15
Whitehill Welfare FC,7,8,15
Holstebro Boldklub,7,8,15
Zenit Irkutsk,9,6,15
Varzim SC,8,7,15
Incheon United Football Club,8,7,15
Bucheon Football Club 1995,8,7,15
Slovakia,6,9,15
Pskov-747 (-2020),9,6,15
Darvel FC,5,10,15
CP Cacereño,10,5,15
Avangard Kramatorsk,9,6,15
Ethnikos Piraeus,10,5,15
Puskás Akadémia FC,7,8,15
Helmond Sport,3,12,15
Aalesunds Fotballklubb,8,7,15
CD Castellón,6,9,15
CD Guijuelo,10,5,15
Pordenone Calcio,7,8,15
Dalbeattie Star FC,8,7,15
Colombia,8,7,15
Real Farma Odesa,10,5,15
Leon Saturn Ramenskoe,7,8,15
Ajax Amateurs,10,5,15
Ghana,5,10,15
SD Amorebieta,6,9,15
Ecuador,6,8,14
Atlético CP,6,8,14
Ishöj IF,5,9,14
FC Murom,7,7,14
AC Reggiana 1919,4,10,14
FK Decic Tuzi,7,7,14
Reggina 1914,6,8,14
Dalum IF,8,6,14
Dynamo Brest,8,6,14
Zenit Penza,6,8,14
Pandurii Targu Jiu (- 2022),7,7,14
Brackley Town,7,7,14
Auckland City FC,1,13,14
CD Ebro,10,4,14
Östersunds FK,7,7,14
Hapoel Tel Aviv,7,7,14
Austria,7,7,14
Woking FC,6,8,14
Struga Trim & Lum,7,7,14
Cameroon,8,6,14
UD Melilla,7,7,14
FC Koper,7,7,14
Vejgaard B,10,4,14
KF Vllaznia,7,7,14
Senegal,7,7,14
Ivory Coast,6,8,14
Krystal Kherson,8,6,14
Dinamo Kirov,6,8,14
FK Zeta Golubovac,6,8,14
Greece,8,6,14
Jeunesse Esch,7,7,14
MSV Duisburg,10,4,14
CF Villanovense,8,6,14
Pontevedra CF,10,4,14
Kuban Krasnodar,6,8,14
CA San Martín (San Juan),8,6,14
FK Spartaks Jurmala,7,7,14
Panegialios GS,7,7,14
FC Halifax Town,8,6,14
CD Eldense,6,8,14
Tre Fiori FC,7,7,14
FK Ternopil,8,6,14
UE Cornellà,10,4,14
Paksi FC,7,7,14
Sabah FK,7,7,14
Tranent Juniors FC,7,7,14
FK Jelgava,7,7,14
DSO Krasnoe Znamya Noginsk,9,5,14
Girnyk Kryvyi Rig,6,7,13
FC Energie Cottbus,10,3,13
GS Ilioupolis,7,6,13
Unionistas CF,8,5,13
Wales,7,6,13
UD Ibiza,5,8,13
Kidderminster Harriers,9,4,13
Amkal Moscow,8,5,13
UE Llagostera,7,6,13
Fort William FC,7,6,13
ONS Sneek,7,6,13
AO Agios Nikolaos,7,6,13
UE Sant Andreu,10,3,13
B1908 Amager,10,3,13
JVC Cuijk,7,6,13
AFC Fylde,4,9,13
AO Episkopi Rethymnou,8,5,13
Saudi Arabia,7,6,13
VV SteDoCo,6,7,13
SS Folgore/Falciano,7,6,13
Recreativo Huelva,7,6,13
Jeanfield Swifts FC,8,5,13
Hawick Royal Albert FC,7,6,13
Apollon Larisas,8,5,13
SD Formentera,6,7,13
Linares Deportivo,9,4,13
CD Atlético Baleares,7,6,13
Tunisia,5,8,13
OFC Oostzaan,6,7,13
FA 2000,6,7,13
SV Urk,6,7,13
Varde IF,10,3,13
Sauchie Juniors FC,5,7,12
Caledonian Braves FC,6,6,12
FC Chernigiv,8,4,12
CD Tudelano,8,4,12
Vale of Leithen FC,4,8,12
Achilles '29,8,4,12
Metalurg Skopje,6,6,12
Rudar Pljevlja,6,6,12
Zamora CF,8,4,12
Smena Komsomolsk-na-Amure,7,5,12
Helsingborgs IF,6,6,12
Algeria,6,6,12
FK Poltava (-2018),6,6,12
FC Andorra,4,8,12
Hill of Beath Hawthorn,6,6,12
Dunbar United FC,9,3,12
Young Boys FD,8,4,12
VfL Osnabrück,10,2,12
Camelon Juniors FC,6,6,12
Podillya Khmelnytskyi,7,5,12
FC Admira Wacker Mödling,6,6,12
Threave Rovers FC,4,8,12
VV Eemdijk,8,4,12
Angusht Nazran,5,7,12
Kolding Boldklub,8,4,12
UE Sant Julia,6,6,12
Glasgow University FC,6,6,12
Slagelse B&I,9,3,12
SJK Seinäjoki,6,6,12
Tyrnavos 2005,7,5,12
KF Egnatia,6,6,12
Serbia,5,7,12
Balkany Zorya,7,5,12
Lokomotiv Liski,8,4,12
Forte Taganrog,8,4,12
Idrettsklubben Start,5,7,12
Keith FC,10,2,12
CE Sabadell FC,6,6,12
SV 07 Elversberg,8,4,12
SV Wehen Wiesbaden,12,0,12
RKVV Westlandia,7,5,12
Lokomotiv Plovdiv,6,6,12
Bnei Yehuda Tel Aviv,6,6,12
Pierikos Katerini,5,7,12
CF Talavera de la Reina,10,2,12
CF Rayo Majadahonda,8,4,12
Penicuik Athletic FC,6,5,11
Iraklis Psachnon,5,6,11
Rot-Weiss Essen,11,0,11
Eolikos Mytilinis,6,5,11
HV & CV Quick,4,7,11
Chile,4,7,11
Alleröd FK,9,2,11
Real Balompédica Linense,6,5,11
Carrarese Calcio 1908,6,5,11
University AFC,7,4,11
Energiya Nova Kakhovka,8,3,11
Saedding/Guldager IF,8,3,11
Alyans Lypova Dolyna,10,1,11
Ilves Tampere,5,6,11
Hedensted IF,8,3,11
AD Ceuta FC,6,5,11
Kickers Offenbach,11,0,11
Dnepr Smolensk,4,7,11
FC Rijnvogels,8,3,11
FC Inter Turku,5,6,11
UE Olot,6,5,11
MFK Metalurg Zaporizhya,5,6,11
VV Achilles Veen,10,1,11
FC Carl Zeiss Jena,11,0,11
Gelios Kharkiv,8,3,11
Coldstream FC,4,7,11
Marbella FC,9,2,11
CD Mafra,4,7,11
Tilykratis Lefkadas,7,4,11
Valmiera FC,5,6,11
Panelefsiniakos AO,6,5,11
Odder IGF,5,6,11
Clube Oriental Lissabon,7,4,11
RKVV DEM,7,4,11
FC Honka,5,6,11
Dover Athletic,5,6,11
FSC Mariupol,3,8,11
FK Nikopol,8,3,11
Sibir Novosibirsk (- 2019),4,7,11
ACV Assen,6,5,11
Gretna FC 2008,4,7,11
Altrincham FC,3,8,11
Chayka Petropavlivska Borshchagivka,6,5,11
Naftovyk-Ukrnafta Okhtyrka,7,4,11
Dinamo St. Petersburg,5,6,11
Slough Town,7,4,11
Odense KS,8,3,11
Paraguay,5,6,11
Atlètic Club d'Escaldes,6,5,11
CD Godoy Cruz Antonio Tomba,6,5,11
Wigtown & Bladnoch FC,8,2,10
SC Freamunde,4,6,10
FC Pro Vercelli 1892,5,5,10
Herlev IF,7,3,10
FSV Frankfurt,4,6,10
Würzburger Kickers,10,0,10
Myr Gornostaivka,5,5,10
2DROTS Moskau,6,4,10
SV Oss '20,7,3,10
Västerås Sportklubb FK,5,5,10
Newtown AFC,5,5,10
B1913 Odense,8,2,10
IF Skjold Birkeröd,8,2,10
Lossiemouth FC,6,4,10
VV Ter Leede,3,7,10
Ringsted IF,9,1,10
FK Auda,5,5,10
Volga Tver,6,4,10
Vaasan Palloseura,5,5,10
Stourbridge FC,5,5,10
Alfreton Town,5,5,10
Preußen Münster,10,0,10
Braintree Town,5,5,10
CE L'Hospitalet,8,2,10
Olimpia Savyntsi,10,0,10
Egypt,6,4,10
Casertana FC,3,7,10
FK Atlantas Klaipeda (-2020),5,5,10
Romania,5,5,10
FC Sydvest 05,4,6,10
Kvant Obninsk,6,4,10
FC Viktoria Köln,10,0,10
VV Dongen,5,5,10
FK Ekranas Panevezys (- 2014),5,5,10
HBS Craeyenhout,5,5,10
FC Bruno's Magpies,5,5,10
AE Ermionidas,7,3,10
Vityaz Podolsk,7,3,10
FK Velez Mostar,5,5,10
Irtysh Pavlodar (-2020),5,5,10
Glentoran FC,5,5,10
Gandzasar Kapan,5,5,10
Sestao River,7,3,10
Qatar,6,4,10
Otterup B&IK,9,1,10
Nörresundby FB,9,1,10
FC Nakskov,7,3,10
AC Virtus Acquaviva,5,5,10
JK Trans Narva,5,5,10
Skonto Riga,5,5,10
CD Calahorra,8,2,10
Beroe Stara Zagora,5,5,10
Hungary,5,5,10
Aris Avatou,6,4,10
OF Ierapetras,6,4,10
Örgryte IS,5,5,10
Ruch Chorzow,5,5,10
St. Cuthbert Wanderers FC,1,9,10
Newton Stewart FC,4,6,10
Southport FC,5,5,10
Yeclano Deportivo,7,3,10
US Arezzo,2,7,9
Kosmos Khimki,6,3,9
Irvine Meadow XI FC,7,2,9
VV GOES,6,3,9
Tarup-Paarup IF,5,4,9
Peresvet Domodedovo,5,4,9
FC Orel,4,5,9
Baikal Irkutsk,6,3,9
CDA Navalcarnero,9,0,9
PFK Sumy (-2019),6,3,9
Roskilde KFUM,5,4,9
CF Reus Deportiu,4,5,9
Zorkiy Krasnogorsk,4,5,9
Dinaz Vyshgorod,5,4,9
Canada,3,6,9
Ballerup Skovlunde Fodbold,7,2,9
Aalborg Freja IK,9,0,9
Ebbsfleet United,5,4,9
Torpedo Miass,4,5,9
Bassano Virtus 55 ST,3,6,9
Volna Kovernino,5,4,9
RKAV Volendam,6,3,9
Foggia Calcio,3,6,9
Bohemian Football Club,4,5,9
Ethnikos Gazoros,5,4,9
Girvan FC,2,7,9
ASV De Dijk,4,5,9
UC AlbinoLeffe,4,5,9
Agrotikos Asteras,4,5,9
UE Engordany,5,4,9
CD Toledo,6,3,9
FK Novosibirsk,2,7,9
FC Lienden,6,3,9
Cumnock Juniors FC,4,5,9
Coleraine FC,5,4,9
Nexö Boldklub Bornholm,7,2,9
VVOG Harderwijk,4,5,9
VfR Aalen,6,3,9
AE Sparti,5,4,9
Maidenhead United,5,4,9
Varese 1910,4,5,9
Beith Juniors FC,5,4,9
Diagoras Rodou,4,5,9
Ourense CF,8,1,9
CD Guadalajara,6,3,9
Guiseley AFC,4,5,9
Ringköbing IF,8,1,9
Hörsholm Usseröd IK,6,2,8
Khimik-August Vurnary (-2024),4,4,8
Arda Kardzhali,4,4,8
B1909 Odense,7,1,8
Swift Hesperange,4,4,8
Glenavon FC,4,4,8
Iceland,3,5,8
Culter FC,3,5,8
SS Monopoli 1966,4,4,8
Flevo Boys Emmeloord,4,4,8
SSV Ulm 1846,8,0,8
Zvezda Perm,5,3,8
FC Llapi,4,4,8
Temp Barnaul,5,3,8
ND Gorica,4,4,8
Dinamo St. Petersburg (-2018),2,6,8
Proodeftiki Neolea,5,3,8
Taarnby FF,6,2,8
Racing FC Union Luxembourg,4,4,8
FC Tver,4,4,8
Újpest FC,4,4,8
Sportfreunde Lotte,8,0,8
Greve Fodbold,5,3,8
Dinamo Vologda,4,4,8
FK Celik Niksic,4,4,8
Strathspey Thistle FC,4,4,8
SD Leioa,5,3,8
Newtongrange Star FC,4,4,8
AO Neas Artakis,5,3,8
Xäzär Länkäran,4,4,8
AO Ypatou,5,3,8
PO Elassonas,4,4,8
Dundonald Bluebell JFC,4,4,8
Wisla Kraków,4,4,8
Sileks Kratovo,4,4,8
Haddington Athletic FC,3,5,8
Zaria Balti,4,4,8
GVV Unitas,3,5,8
Boldklubben Skjold,4,4,8
Renova Dzepciste,4,4,8
Svendborg fB - Oure FA,4,4,8
FC Lusitanos,4,4,8
MTK Budapest,4,4,8
Penya Deportiva Santa Eulalia,6,2,8
Myllykosken Pallo -47,4,4,8
ÍBV Vestmannaeyjar,4,4,8
Energomash Belgorod (-2018),5,3,8
Rovaniemen Palloseura,4,4,8
Orihuela CF,5,3,8
Oxford City,3,5,8
CD Teruel,3,5,8
VV Hoogeveen,4,4,8
FK Gomel,4,4,8
PAO Vardas,4,4,8
SpVgg Unterhaching,8,0,8
VPK-Agro,3,5,8
Pollok FC,4,4,8
UCSA Tarasivka,2,6,8
Chorley FC,4,4,8
KA Akureyri,4,4,8
Caudal Deportivo,5,3,8
Golspie Sutherland FC,4,4,8
FK Belogorsk,4,4,8
Hallescher FC,8,0,8
RNK Split,4,4,8
VfB Lübeck,8,0,8
Ararat Moskow (-2020),5,3,8
AC Renate,3,5,8
Chemnitzer FC,8,0,8
US Triestina,1,6,7
Algeciras CF,3,4,7
Spartak Tambov,3,4,7
FK Domodedovo (-2017),2,5,7
Slavia Sofia,3,4,7
FС Taganrog (-2015),4,3,7
HVV Hollandia,4,3,7
Real Unión Club,2,5,7
RKSV UDI '19 Uden,3,4,7
Extremadura UD,4,3,7
MITOS Novocherkassk (-2016),6,1,7
Club Portugalete,6,1,7
Skovshoved IF,5,2,7
Kampaniakos,3,4,7
Slovenia,4,3,7
Esperance Tunis,3,4,7
Al-Ain FC,2,5,7
Asteras Stavrou,5,2,7
Gimnástica Segoviana CF,6,1,7
Haro Deportivo,6,1,7
CF Lorca Deportiva,5,2,7
VV Kloetinge,5,2,7
US Città di Pontedera,2,5,7
Piacenza Calcio 1919,3,4,7
Thyella Kamariou,5,2,7
SS Sambenedettese,2,5,7
South Africa,4,3,7
AB Taarnby,4,3,7
Lochee United FC,2,5,7
Lokomotyv Kyiv,6,1,7
Benburb FC,3,4,7
Città di Teramo 1913,1,6,7
Tynecastle FC,5,2,7
Afips Afipskiy (-2018),1,6,7
Al-Jazira Club,5,2,7
Anagennisi Artas,2,5,7
Marstal/Rise IF,5,2,7
Naval 1º de Maio,4,3,7
Chelmsford City,4,3,7
CD Laredo,5,2,7
Atlético Sanluqueño,4,3,7
Jordan,4,3,7
Republic of Ireland,2,5,7
Curzon Ashton,5,2,7
FC Sönderborg,4,3,7
Listrup UIF,6,1,7
Torquay United,5,2,7
Mérida AD,4,3,7
La Hoya Lorca CF,4,3,7
Panargiakos APO,1,6,7
FC Cherepovets,4,3,7
Dunipace FC,3,4,7
Kilwinning Rangers FC,5,2,7
Panama,2,5,7
Burntisland Shipyard AFC,1,6,7
FK Senica (- 2022),3,3,6
Daugava Daugavpils,3,3,6
Diagoras Vrachneikon,3,3,6
Gentofte VI,4,2,6
Gefle IF,3,3,6
Makedonija Gjorce Petrov,3,3,6
GAS Ialysos 1948,3,3,6
Tamworth FC,5,1,6
KF Feronikeli Drenas,4,2,6
AC Libertas,3,3,6
Doxa Dramas,1,5,6
Virtus Francavilla Calcio,2,4,6
Liepajas Metalurgs,3,3,6
Hurlford United FC,2,4,6
EB/Streymur,3,3,6
FK Sfîntul Gheorghe Suruceni (- 2023),3,3,6
FK Horizont Turnovo,3,3,6
Apollon Efpaliou,2,4,6
Buxton FC,3,3,6
Honduras,3,3,6
SV Waldhof Mannheim,6,0,6
Corvinul Hunedoara,3,3,6
L'Aquila 1927,2,4,6
FC 08 Homburg,6,0,6
IFK Mariehamn,3,3,6
Fredensborg BI,4,2,6
CF La Nucía,3,3,6
FK Jagodina,3,3,6
FK Minsk,3,3,6
Imolese Calcio 1919,1,5,6
AO Giouchtas,4,2,6
Diósgyőri VTK,3,3,6
Aurora Pro Patria,1,5,6
Görslev IF,6,0,6
FC Samtredia,3,3,6
St Albans City,3,3,6
CD Cova Piedade,2,4,6
Almyros Gaziou,3,3,6
Airbus UK Broughton,3,3,6
Selkirk FC,4,2,6
UkrAgroKom Golovkivka,3,3,6
CSKA 1948,3,3,6
Sliema Wanderers,3,3,6
Makedonikos Neapolis,5,1,6
Ballymena United FC,3,3,6
CD Mensajero,6,0,6
CD Ibiza Islas Pitiusas,6,0,6
Bangor City,3,3,6
Flamurtari FC,3,3,6
US Latina Calcio,3,3,6
FK Mornar Bar,3,3,6
UD San Sebastián de los Reyes,4,2,6
Haverfordwest County,3,3,6
Angola,3,3,6
FK Novokuznetsk (-2021),2,4,6
Dinamo Kostroma,5,1,6
SC Gjilani,3,3,6
FC Uzhgorod,5,1,6
Karlslunde IF,3,3,6
Dundee North End FC,3,3,6
UD Socuéllamos,3,3,6
Guangzhou Evergrande,3,3,6
SD Compostela,2,4,6
FC Mykolaiv,6,0,6
AS Fokikos Amfissas,3,3,6
Albania,2,4,6
Vyron Kavalas,5,1,6
JK Sillamäe Kalev,3,3,6
Arsenal-Kyivshchyna Bila Tserkva,5,1,6
VV WKE Emmen,4,2,6
FK Kalush,6,0,6
Skala Morshyn,2,4,6
StavropolAgroSoyuz Nevinnomysk,4,2,6
Skala 1911 Stryi,6,0,6
SC União Torreense,4,2,6
Asteras Magoulas,4,2,6
Cherno More Varna,3,3,6
SV Huizen,3,3,6
FC Ararat Yerevan,3,3,6
Litex Lovech,3,3,6
Yakutia Yakutsk (-2017),3,3,6
Fjordager IF,4,2,6
Scotland,3,3,6
JOS Watergraafsmeer,4,2,6
Gernika Club,5,1,6
BFC Dynamo,6,0,6
Broke Boys Moscow,3,3,6
FC Djursland,5,1,6
Bremer SV,6,0,6
NK Rudar Velenje,3,3,6
Weston-super-Mare AFC,3,3,6
Peru,3,3,6
CD Badajoz,4,2,6
Aittitos Spaton,2,4,6
SS Matera Calcio,3,3,6
PFK Shakhtar Sverdlovsk,6,0,6
UD Barbastro,6,0,6
Peña Sport FC,3,3,6
Chester FC,2,4,6
CF Badalona,4,2,6
CD Arenteiro,5,1,6
Wydad Casablanca,3,3,6
Thesprotos Igoumenitsas,3,3,6
PO Fikis,4,2,6
FV Illertissen,6,0,6
SD Logroñés,3,3,6
FC Dinamo City,3,3,6
EHC Hoensbroek,2,4,6
Olde Veste '54,2,4,6
VV Scherpenzeel,2,3,5
St. Andrews United FC,1,4,5
CF Intercity,4,1,5
Melilla CD,3,2,5
Solröd FC,4,1,5
Drumchapel United FC,2,3,5
Tajikistan,4,1,5
Arbejder Sport Aarhus,3,2,5
Uzbekistan,2,3,5
Kairat Moscow ( -2022),3,2,5
Club Atlético Antoniano,5,0,5
Carnoustie Panmure JFC,4,1,5
Horsham FC,1,4,5
FK Podolje ( - 2015),1,4,5
CD Lealtad,3,2,5
FS Kozani,5,0,5
Ilpar Iljinskiy,4,1,5
AE Lefkimmis,3,2,5
Chesham United,2,3,5
Almopos Arideas,2,3,5
SD Tarazona,1,4,5
Alexandroupolis FC,3,2,5
CE Andratx,4,1,5
Las Rozas CF,4,1,5
Thiseas Agrias,3,2,5
Rutherglen Glencairn FC,2,3,5
FK Saransk ( -2022),3,2,5
Dalkeith Thistle FC,3,2,5
Tune IF,4,1,5
CE Europa,4,1,5
Metallurg Vyksa,3,2,5
Sumgayit PFC,3,2,5
Mantova 1911,0,5,5
UD Vilafranquense,3,2,5
FC Trostyanets,3,2,5
CVV de Jodan Boys,0,5,5
Amur-2010 Blagoveshchensk (-2014),4,1,5
Dartford FC,2,3,5
Olímpic Xàtiva,3,2,5
BK Frem Saksköbing,4,1,5
Probiy Gorodenka,5,0,5
Antequera CF,2,3,5
Real Ávila CF,4,1,5
Svebölle BI,5,0,5
AS Gubbio 1910,3,2,5
Kastrup BK,4,1,5
AS Viterbese Castrense,2,3,5
AS Giannitsa,2,3,5
Ermis Amynteou,5,0,5
UD Mutilvera,4,1,5
Pallixouriakos AO,3,2,5
Bo'ness Athletic FC,4,1,5
AFC Telford United,1,4,5
Sibiryak Bratsk,3,2,5
Ellas Syros,3,2,5
Huracán Valencia CF,3,2,5
Whitehawk FC,3,2,5
Hereford FC,4,1,5
Arandina CF,4,1,5
SV Meerssen,2,3,5
Billericay Town,2,3,5
Composite Pavlovskiy Posad,2,3,5
Gainsborough Trinity,3,2,5
SV Juliana '31 Malden,3,2,5
Vordingborg IF,4,1,5
Atromitos Palama,2,3,5
Wealdstone FC,3,2,5
Eintracht Norderstedt,5,0,5
Alania-D Vladikavkaz,3,2,5
Lokomotiv 2 Moskow,3,2,5
Hundested IK,4,1,5
Marko FC,2,3,5
RKSV ROHDA Raalte,4,1,5
Zhemchuzhyna Odesa,2,3,5
Real Avilés Industrial,3,2,5
Boldklubben Union,2,3,5
Gimnástica de Torrelavega,4,1,5
SS Virtus Lanciano,4,1,5
CD San Roque de Lepe,4,1,5
FC-Astoria Walldorf,5,0,5
Inter Cherkessk (-2021),3,2,5
Mamelodi Sundowns FC,3,2,5
Dagdiesel Kaspijsk,3,2,5
KVV Quick '20,3,2,5
Xerez CD,4,1,5
Mali,3,2,5
1.FC Schweinfurt 05,5,0,5
RVVH Ridderkerk,4,1,5
FC Svendborg,4,1,5
King's Lynn Town,2,3,5
Pandramaikos AO,2,3,5
CD Rincón,2,2,4
Utebo FC,4,0,4
CD Buñol,2,2,4
Atom Novovoronezh,3,1,4
Northern Ireland,1,3,4
Aetos Orfanou,3,1,4
UD Llanera,4,0,4
Marine FC,3,1,4
Hereford United (- 2014),2,2,4
VV Berkum,2,2,4
Arenas Club,2,2,4
RKSV Halsteren,2,2,4
AD San Juan,3,1,4
FK Gubkin (-2013),3,1,4
Delin Izhevsk,3,1,4
FC Graesrödderne,3,1,4
US Ancona,1,3,4
CD Quintanar del Rey,4,0,4
Metallurg Asha,4,0,4
CD Coria,4,0,4
CA Cirbonero,3,1,4
VV SWZ Sneek,2,2,4
Kapaz PFK,2,2,4
FK Radnik Bijeljina,2,2,4
Ethnikos Neou Keramidiou,0,4,4
Ionikos Ionias,2,2,4
Köge Nord FC,4,0,4
FCI Tallinn,2,2,4
Juventud Torremolinos CF,3,1,4
Ceuta 6 de Junio,2,2,4
FC 08 Villingen,4,0,4
Haarby/Flemlöse,4,0,4
Frederikssund IK,3,1,4
Solyaris Moskau (-2017),3,1,4
FC Oberneuland,4,0,4
Panagriniakos,4,0,4
Tanzania,1,3,4
PAS Acheron Kanalakiou,3,1,4
Qyzyljar Petropavlovsk,2,2,4
Havant & Waterlooville FC,2,2,4
Nafpaktiakos Asteras,2,2,4
Ermis Meligous,2,2,4
FK Tuzla City,2,2,4
ÍF Fuglafjördur,2,2,4
Prestatyn Town,2,2,4
FC Tiraspol,2,2,4
FK Kruoja Pakruojis (-2015),2,2,4
SKN St. Pölten,2,2,4
SV Grödig,2,2,4
MIKA Ashtarak,2,2,4
Savona FBC,1,3,4
FK Banga Gargzdai,2,2,4
Raja Club Athletic,3,1,4
Atlético Mancha Real,3,1,4
Stuttgarter Kickers,4,0,4
AC Ponte San Pietro-Isola,1,3,4
Welling United,2,2,4
PSK Dinskaya,3,1,4
CFJ Mollerussa,4,0,4
AD Unión Adarve,2,2,4
Kisvárda FC,2,2,4
Give Fremad,2,2,4
Worcester City,1,3,4
Vataniakos Katerinis,2,2,4
Sundby Boldklub,2,2,4
CD Varea,3,1,4
Lystrup IF,4,0,4
AER Afantou,3,1,4
Asteras Petriti,3,1,4
Shakhter Peshelan,3,1,4
Herlufsholm GF,4,0,4
United Arab Emirates,1,3,4
Kristall-MEZT Borisoglebsk,3,1,4
FC Nöttingen,4,0,4
FC Pavia 1911,1,3,4
VV Hoogland,3,1,4
Mozambique,1,3,4
Sudan,1,3,4
SKK Demnya,4,0,4
Paniliakos Pyrgos,3,1,4
Burkina Faso,1,3,4
PAS Korinthos,3,1,4
University College Dublin,2,2,4
Benin,2,2,4
FC Lahti,2,2,4
Thrasyvoulos Fylis,2,2,4
Hastings United,1,3,4
Democratic Republic of the Congo,1,3,4
Syria,2,2,4
JJK Jyväskylä,2,2,4
Macclesfield FC,3,1,4
TOGB Berkel,2,2,4
Anagennisi Plagias,4,0,4
Thór Akureyri,2,2,4
Pobeda Khasavyurt,1,3,4
PASA Irodotos,2,2,4
UD Poblense,4,0,4
UP Langreo,4,0,4
Vityaz Krymsk,2,2,4
Maccabi Netanya,2,2,4
Hapoel Haifa,2,2,4
Atlético Astorga,3,1,4
Krasniy-SGAFKST Smolensk,3,1,4
Chiclana CF,3,1,4
Uralets-TS Nizhniy Tagil,1,3,4
Rubin 2 Kazan,2,2,4
Asteras Kesarianis,3,1,4
Fuglebakken KFUM,4,0,4
FC Vaslui,2,2,4
Palestine,1,3,4
Glenafton Athletic FC,2,2,4
Apollon Kryas Vrysis,4,0,4
VV Sliedrecht,1,3,4
SV Rödinghausen,4,0,4
AC Lumezzane,2,2,4
Sever Murmansk,2,2,4
Georgia,2,2,4
Venezuela,2,2,4
Maccabi Petah Tikva,2,2,4
Stabæk Fotball,2,2,4
Caernarfon Town,2,2,4
Panthiraikos AO,4,0,4
NK Bravo,2,2,4
FC UNA Strassen,2,2,4
APO Atalantis,4,0,4
FC Malisheva,2,2,4
FK Vovchansk,1,3,4
Potenza Calcio,2,2,4
FC Zestafoni,2,2,4
Electron Velikiy Novgorod,2,2,4
Maldon & Tiptree FC,2,2,4
BK Viktoria,4,0,4
Darlington FC,1,3,4
Bergantiños FC,4,0,4
Frederiksberg Boldklub,4,0,4
FC Ulisses Yerevan,2,2,4
Easthouses Lily Miners Welfare FC,1,3,4
Cefn Druids,2,2,4
Portadown FC,2,2,4
AP Brera,2,2,4
Metalurgi Rustavi,2,2,4
SDC Putten,1,3,4
San Fernando CD,4,0,4
Rende Calcio 1968,0,4,4
Vejlby-Risskov Idraetsklub,3,1,4
Kopenhagen KFUM,2,2,4
AE Prat,2,2,4
Bahrain,2,2,4
Thailand,1,3,4
KF Dukagjini,2,2,4
UB Conquense,2,2,4
CE Constància,4,0,4
SS Matelica Calcio,0,4,4
FC Skanderborg,3,1,4
Egen UI,4,0,4
FC Hegelmann,2,2,4
SD Ejea,3,1,4
CD Laudio,3,1,4
FC Grosseto,2,2,4
Manises CF,2,2,4
Penybont FC,2,2,4
FK Iskra Danilovgrad,2,2,4
Racing Rioja CF (-2024),4,0,4
Iraq,3,1,4
Indonesia,1,3,4
CD Sant Jordi,2,1,3
Hong Kong,2,1,3
China,1,2,3
CD Palencia Cristo Atlético,3,0,3
Zambia,2,1,3
AC Tuttocuoio,0,3,3
FC Lisne,0,3,3
Lebanon,1,2,3
Águilas FC,3,0,3
Kolos Polonne,3,0,3
CD Cayón,2,1,3
Togo,2,1,3
Comoros,1,2,3
Atlético Palma del Río CF,2,1,3
Uganda,2,1,3
FC BiH Odense,2,1,3
CD Getxo,2,1,3
Boldklubben Vestkysten Oksböl,3,0,3
TSV Schott Mainz,3,0,3
FC Teutonia 05 Ottensen,3,0,3
South Shields FC,2,1,3
Malaysia,1,2,3
CD Atlético Paso,3,0,3
CF Inter de Valdemoro,2,1,3
New Zealand,1,2,3
SD Negreira,2,1,3
UD Los Garres,2,1,3
Vietnam,1,2,3
Náxara CD,3,0,3
Bolivia,1,2,3
Atlètic Sant Just,2,1,3
Oman,1,2,3
Kyrgyzstan,2,1,3
Jamaica,1,2,3
Trinidad and Tobago,1,2,3
Fazenda Chernivtsi,2,1,3
Fankom Kirov,2,1,3
Puerto de Vega CF,2,1,3
Cray Valley Paper Mills,1,2,3
SShOR-1 Kristall St. Petersburg,2,1,3
Invergordon FC,2,1,3
Universitario FC Las Palmas,1,2,3
CD Yuncos,2,1,3
FAS Naousa,3,0,3
CD Extremadura 1924,3,0,3
VV Kolping Boys Oudorp,1,2,3
KDV Tomsk,1,2,3
Bagsvaerd BK,2,1,3
FK Kudrivka (- 2024),2,1,3
SV Poortugaal,2,1,3
North Korea,1,2,3
Thermaikos Thermis,0,3,3
RKSV Nuenen,2,1,3
Fortuna Wormerveer,0,3,3
RKVV Zwaluw VFC Vught,2,1,3
Polissya Stavky,2,1,3
ACR Messina,0,3,3
Agrotekh Tyshkivka,3,0,3
PFC Zvyagel,3,0,3
FC Winterswijk,2,1,3
AO Neas Ionias,2,1,3
Tayport FC,0,3,3
AltoVicentino,0,3,3
CD Estepona FS,3,0,3
Johnstone Burgh FC,1,2,3
Jyllinge FC,3,0,3
Zimbabwe,1,2,3
UD Maracena,2,1,3
Aabenraa BK,2,1,3
Farsö Ullits IK,3,0,3
Gabon,2,1,3
CD Valle de Egüés,3,0,3
FK Essentuki (-2023),1,2,3
Sakhalinets Moscow,2,1,3
Deportiva Minera,2,1,3
Morud IF,3,0,3
Atlético de Lugones,1,2,3
Botswana,1,2,3
FC Kulykiv-Bilka,2,1,3
Turégano CF,2,1,3
Equatorial Guinea,2,1,3
Cultural Durango,0,3,3
AO Chaniotis,1,2,3
Taastrup FC,2,1,3
TST Fodbold,3,0,3
India,1,2,3
FC Rot-Weiß Koblenz,3,0,3
Karelia Petrozavodsk,2,1,3
FC Rudersdal,3,0,3
XerxesDZB,2,1,3
Kavkaztransgaz-2005 Ryzdvyany (-2013),2,1,3
Enerhiya Mykolaiv,1,2,3
Avedöre IF,2,1,3
Raspadskaya Mezhdurechensk,2,1,3
1. FC Lokomotive Leipzig,3,0,3
Herstedoster IC,3,0,3
SC Weiche Flensburg 08,3,0,3
Northwich Victoria,1,2,3
FK Krasava (-2022),2,1,3
FK Smolensk (-2021),1,2,3
BK Fremad Valby,3,0,3
Mejrup GU,3,0,3
Khimik-Arsenal Novomoskovsk,3,0,3
Coruxo FC,3,0,3
FIUK Odense,3,0,3
Paganese Calcio 1926,1,2,3
SV DFS Opheusden,2,1,3
SV Babelsberg 03,3,0,3
Al-Sadd SC,2,1,3
Boston United,1,2,3
Rusj St. Petersburg (-2014),1,2,3
Finland,2,1,3
Bahlinger SC,3,0,3
SV Drochtersen/Assel,3,0,3
Concord Rangers,1,2,3
Söften GF,3,0,3
UM Escobedo,3,0,3
RKAVV Leidschendam,2,1,3
Olympia Volgograd,2,1,3
IF Frem Bjaeverskov,3,0,3
Metallurg Vidnoe,1,2,3
Blyth Spartans,2,1,3
SV AWC Wijchen,3,0,3
DTS '35 Ede,2,1,3
North Macedonia,1,2,3
TuS Erndtebrück,3,0,3
VV Buitenpost,2,1,3
SV Meppen,3,0,3
CD Marchamalo,2,1,3
CD Izarra,2,1,3
Energia Volzhsky (-2014),1,2,3
SC Feyenoord Rotterdam,3,0,3
Alemannia Aachen,3,0,3
SV Deltasport Vlaardingen,2,1,3
Terrassa FC,3,0,3
AVV Swift,2,1,3
Sibir-2 Novosibirsk (- 2019),1,2,3
Spartak Yoshkar-Ola,2,1,3
CD Cardassar,2,1,3
Ciudad Lucena,3,0,3
CSV Apeldoorn,3,0,3
Colville Park AFC,2,1,3
Leatherhead FC,1,2,3
TSV Havelse,3,0,3
Blackburn United FC,2,1,3
Vyzas Megaron,1,2,3
Bosnia-Herzegovina,1,2,3
AS Giana Erminio,1,2,3
FC Kalundborg,3,0,3
Basingstoke Town,1,2,3
Vaerebro BK,3,0,3
SD Noja,2,1,3
Atlético Saguntino,3,0,3
AE Mykonou,2,1,3
VV De Zouaven,3,0,3
Ikonomos Tsaritsanis,1,2,3
Aabyhöj IF,3,0,3
Döllefjelde-Musse IF,3,0,3
PS Sparti,3,0,3
Lada Dimitrovgrad,1,2,3
Lucena CF,2,1,3
AS Thinaliakos,3,0,3
Bishop's Stortford FC,2,1,3
PO Atsaleniou,2,1,3
AS Edessaikos,3,0,3
Bredballe IF,2,1,3
Makedonikos Foufas,2,1,3
SC Verl,3,0,3
Dynamo Khmelnytskyi (-2013),2,1,3
AE Karaiskakis Artas,1,2,3
Zhemchuzhyna Yalta (- 2014),2,1,3
Megas Alexandros Trikalon Imathias,2,1,3
VfR Wormatia Worms,3,0,3
Serbia and Montenegro,1,2,3
FV Engers 07,3,0,3
Barry Town United,1,2,3
FC Viktoria 1889 Berlin,3,0,3
SV Atlas Delmenhorst,3,0,3
AO Xenofon Krestenon,2,1,3
CD Boiro,2,1,3
Dalstroyindustriya Komsomolsk-na-Amure,2,1,3
FC ESPM,3,0,3
Bispebjerg Boldklub,3,0,3
SV Eintracht Trier 05,3,0,3
FK Skoruk,3,0,3
SC Wiedenbrück,3,0,3
Internacional de Madrid (-2023),2,1,3
Hayes & Yeading FC,3,0,3
Helsted Fremad IF,1,2,3
Poseidon Neas Michanionas,2,1,3
ASG Nocerina,2,1,3
FC 's-Gravenzande,3,0,3
BSV Schwarz-Weiß Rehden,3,0,3
Anagennisi Giannitson,2,1,3
SJC Noordwijk,3,0,3
Ontinyent CF,1,2,3
Nordfalsters Forenede Boldklubber,3,0,3
Taunton Town,1,2,3
FC Locomotive Tbilisi,2,1,3
Arroyo CP,1,2,3
AS Antimachos Kos,3,0,3
FK Sochi (bis 2017),2,1,3
Be Quick 1887,1,2,3
Stal Alchevsk (-2014),1,2,3
CP Parla Escuela - Fair Play,1,1,2
Agerbaek/Starup,2,0,2
Husum Boldklub,2,0,2
1.FC Rielasingen-Arlen,2,0,2
Virum-Sorgenfri BK,2,0,2
Harrow Borough FC,0,2,2
Viktor Ponedelnik Football Akademia,1,1,2
Taasinge fB,2,0,2
Krogsbölle-Roerslev FK,2,0,2
Allesö GF,2,0,2
SS Maceratese,0,2,2
Pelister Bitola,1,1,2
Dunav Ruse,1,1,2
Kettering Town,1,1,2
VV Chevremont,0,2,2
Worthing FC,1,1,2
Vasas FC,1,1,2
Salamanca CF UDS,2,0,2
Trastevere Calcio,1,1,2
KF Trepca 89,1,1,2
UD San Fernando,2,0,2
Krarup/Espe Fodbold,2,0,2
TSV Steinbach,2,0,2
Ontiñena CF,1,1,2
CD Gévora,2,0,2
SC Vilkhivtsi (Zakarpattya Oblast),1,1,2
FC Luftëtari (- 2020),1,1,2
FK Blagoveshchensk,2,0,2
Club Rápido de Bouzas,1,1,2
CD Don Benito,2,0,2
MVV Alcides,2,0,2
PAS Kitheronas Kaparelliou,2,0,2
AO Kardias,1,1,2
AS Korinthos 2006,2,0,2
Hampton & Richmond Borough,2,0,2
Isloch Minsk Region,1,1,2
SSh Leningradets,2,0,2
SC Victoria Hamburg,2,0,2
Anri Vladivostok,2,0,2
Nart Cherkessk,1,1,2
Sokol Kazan,1,1,2
Orgenergostroy Dimitrovgrad,1,1,2
Boldklubben 1960,1,1,2
Cardiff Metropolitan University,1,1,2
FK Sabail,1,1,2
CSF Speranta Nisporeni (- 2021),1,1,2
FC Vitebsk,1,1,2
AEEK SYNKA,0,2,2
FC Stumbras Kaunas (- 2019),1,1,2
AO Sellanon,0,2,2
Gug B,1,1,2
SDO Bussum,0,2,2
UD San Pedro,2,0,2
UE Vic,2,0,2
San Tirso SD,2,0,2
CD Villamuriel,2,0,2
Astur CF,2,0,2
VV Zwaluwen Vlaardingen,2,0,2
Egeas Plomariou,2,0,2
Stenlöse Boldklub,0,2,2
AO Mandraikos,1,1,2
Taarnby FF Youth,0,2,2
Sanremese Calcio,0,2,2
"Nerashté, Ballerup",1,1,2
Erani Filiatron,2,0,2
1913 Seregno Calcio,0,2,2
AE Evosmou,2,0,2
AC Football Club,1,1,2
AC Rezzato,0,2,2
BSG Chemie Leipzig,2,0,2
TuS Dassendorf,2,0,2
RKSV Wittenhorst,0,2,2
Vildbjerg SF,2,0,2
Bramdrupdam GIF,2,0,2
TuS Koblenz,2,0,2
Yate Town,1,1,2
SDMC Fermana FC,0,2,2
Wilhelmina '08,1,1,2
Naftan Novopolotsk,1,1,2
Ethnikos Sidirokastrou,2,0,2
AO Glyfadas,2,0,2
Tytan Armyansk (- 2014),0,2,2
ASD Chieri Calcio,0,2,2
SSD Chieti Calcio,0,2,2
TSG Neustrelitz,2,0,2
Fidelis Andria,0,2,2
USD Calcio Delta Porto Tolle,0,2,2
Bröndby Strand IK,2,0,2
Raklev GI,2,0,2
Bramming Boldklub,1,1,2
IRON Zaporizhya,2,0,2
Karbon Cherkasy,2,0,2
SC Korosten Agro-Nyva,2,0,2
FSV Optik Rathenow,2,0,2
FC Kosice,1,1,2
Teteks Tetovo,1,1,2
Drogheda United FC,1,1,2
Turun Palloseura,1,1,2
VV Smitshoek Barendrecht,2,0,2
Turris Calcio,0,2,2
IL Hødd,1,1,2
Hapoel Ramat Gan,1,1,2
FK Karlivka,2,0,2
FC Pasching,1,1,2
US Massese 1919,0,2,2
FK Siauliai (-2016),1,1,2
Llanelli AFC,1,1,2
Odysseas Kordeliou,1,1,2
Vejle Boldklub Kolding,2,0,2
CD Cieza,2,0,2
Sorrento Calcio,1,1,2
Torrent CF,2,0,2
CD Ourense,1,1,2
CF Campanario,1,1,2
RBC Roosendaal,1,1,2
HZVV Hoogeveen,1,1,2
Krymteplytsya Molodizhne (- 2014),1,1,2
Calcio Portogruaro-Summaga,1,1,2
RKVV Erp,1,1,2
SC 't Zand Tilburg,1,1,2
Spennymoor Town,1,1,2
Shotts Bon Accord,1,1,2
Nuneaton Town,1,1,2
Cambridge City,1,1,2
Obolon Kyiv (-2012),2,0,2
Dengoff Denykhivka,2,0,2
Metropolitan Police,2,0,2
Gloucester City,2,0,2
FK Odessa,1,1,2
USV Eschen/Mauren,1,1,2
Zhetysu Taldykorgan,1,1,2
CS Grevenmacher,1,1,2
FK Baku,1,1,2
Dorchester Town,1,1,2
FC Horsens,1,1,2
SV Deurne,1,1,2
CD Sariñena,1,1,2
Germania Halberstadt,2,0,2
CD Tropezón,2,0,2
Warrington Town,1,1,2
ES Sétif,2,0,2
FSV Salmrohr,2,0,2
SSV Reutlingen 05,2,0,2
FK Pirmasens,2,0,2
Hemel Hempstead Town,0,2,2
FC Saxan Ceadir-Lunga,1,1,2
FC Tskhinvali,1,1,2
AC Juvenes-Dogana,1,1,2
VC Vlissingen,0,2,2
AS Ardealul Tg. Mures (- 2018),1,1,2
Restavratsiya Krasnoyarsk,1,1,2
Berliner AK 07,2,0,2
AS Lucchese Libertas,0,2,2
FC United of Manchester,2,0,2
TP Mazembe,1,1,2
FK Bokelj,1,1,2
FK Sloboda Tuzla,1,1,2
Llandudno FC,1,1,2
Spartak Myjava,1,1,2
Christiansbjerg IF,2,0,2
FK Metalurg Zaporizhya,2,0,2
Agrobiznes TSK Romny,2,0,2
ACD Campodarsego,1,1,2
Leith Athletic FC,2,0,2
Magreb '90,1,1,2
FC Westfields,1,1,2
Marino Luanco,0,2,2
AO Trachones Alimou,1,1,2
UE Lleida (- 2011),1,1,2
SV Wilhelmshaven,2,0,2
Atlético Granadilla,0,2,2
Staines Town FC,0,2,2
Écija Balompié,2,0,2
CD Tuilla,1,1,2
Audace Cerignola,2,0,2
FC Spaeri Tbilisi,1,1,2
Nordvest FC,2,0,2
Dungannon Swifts FC,1,1,2
BFC Daugavpils,1,1,2
Aalborg Chang,2,0,2
Salisbury City (- 2014),1,1,2
Hednesford Town,2,0,2
Sioni Bolnisi,1,1,2
DOSKO Bergen op Zoom,1,1,2
FC Veris Chisinau,1,1,2
FK Lovcen Cetinje,1,1,2
Fram Reykjavík,1,1,2
FC Santos Tartu,1,1,2
Aberystwyth Town,1,1,2
FK Daugava Riga,1,1,2
MFK Kosice,1,1,2
Zawisza Bydgoszcz,1,1,2
DOS '37 Vriezenveen,1,1,2
Yednist Plysky (-2018),1,1,2
Ermis Aradippou,1,1,2
UD Somozas,1,1,2
BK Odense Chang,2,0,2
Reus FC Reddis,2,0,2
CD Manacor,2,0,2
Arosa SC,2,0,2
Vallensbaek IF 39,2,0,2
Pamisos Messinis,1,1,2
FC Tuapse ( -2022),1,1,2
Roda '46 Leusden,1,1,2
Farnborough FC,0,2,2
RKSV HVCH,1,1,2
Grindsted GIF,1,1,2
SG Sonnenhof Großaspach,2,0,2
Pangytheatikos,1,1,2
UD Barbadás,2,0,2
Velarde Camargo CF,2,0,2
Thyella Katsikas,2,0,2
Doxa Volaka,2,0,2
Al-Duhail SC,1,1,2
DOS Kampen,1,1,2
Peremoga Dnipro,2,0,2
União de Leiria,1,1,2
Feniks Pidmonastyr,2,0,2
Gazprom Transgaz Stavropol (- 2014),1,1,2
Octane Perm,1,1,2
CD Hernán Cortés,2,0,2
Tuse IF,1,1,2
Tonbridge Angels,2,0,2
Deportivo Murcia FC,1,1,2
Odense KFUM,2,0,2
Metallurg-Oskol Stary Oskol,1,1,2
CD Algar,2,0,2
CD Quintanar de la Orden,2,0,2
Orfeas Xanthis,1,1,2
Frederikshavn fI,2,0,2
UE Rubí,2,0,2
FC Khust,0,2,2
Alvechurch FC,0,2,2
Klitmöller IF,2,0,2
CD Autol,2,0,2
CF Tardienta,2,0,2
UD Tomares,2,0,2
Zalaegerszegi TE FC,1,1,2
PAOK Kristonis,2,0,2
Rubikon Kyiv,2,0,2
Glostrup FK,1,1,2
Arsenal Tivat,1,1,2
Universitet Uljanovsk,2,0,2
AEP Kozanis,2,0,2
Kirovets-Voskhozhdenie St. Petersburg,2,0,2
FK Pskov,2,0,2
APO Keratsini,0,2,2
Karpaty Galych,1,1,2
Löjt IF,1,1,2
AE Kalabakiou,1,1,2
Aetos Loutron,1,1,2
Aris Voulas,2,0,2
Kerteminde BK,1,1,2
FK Utopia,2,0,2
Syngenta FC,2,0,2
Höjslev Station IF,2,0,2
Yadro St. Petersburg,1,1,2
Spartak Tuymazy,1,1,2
Greifswalder FC,2,0,2
Mons Calpe SC,1,1,2
Mosta FC,1,1,2
Luncarty FC,2,0,2
SV Kampong Utrecht,1,1,2
Dnipro Cherkasy,1,1,2
FK Podgorica,1,1,2
VV Baronie,1,1,2
FC Gütersloh,2,0,2
Nestos Chrysoupoli,0,2,2
FC Haka,1,1,2
SpVgg Bayreuth,2,0,2
Gornyak Uchaly,2,0,2
Kecskeméti TE,1,1,2
Amvrysseas Distomou,0,2,2
FC Gagra,1,1,2
FC Ashdod,1,1,2
SS Cosmos,1,1,2
Finikas Neas Epidavrou,0,2,2
CF Badalona Futur,2,0,2
Vybor-Kurbatovo Voronezh (-2015),1,1,2
Banbury United,2,0,2
AE Karitsas,1,1,2
CE Manresa,2,0,2
Tikves Kavadarci,1,1,2
Doxa Artas,1,1,2
AE Vathyllou-Pansamiakou,1,1,2
Kalev Tallinn,1,1,2
VV Duno Doorwerth,2,0,2
FA Siauliai,1,1,2
CD Arnedo,2,0,2
Victoria CF,2,0,2
Bracknell Town,1,1,2
CA Pulpileño,2,0,2
Enosi Aspropyrgou,1,1,2
Aias Salaminas,1,1,2
AO Diavolitsiou,1,1,2
Tolosa CF,2,0,2
CD Marino,1,1,2
CD Becerril,2,0,2
CD Azuaga,2,0,2
CD Utrillas,2,0,2
CD l’Alcora,1,1,2
CD Villa de Fortuna,2,0,2
CD Huracán Melilla,2,0,2
CD Alfaro,2,0,2
CD Diocesano,2,0,2
CF Independiente Alicante,2,0,2
SD Solares-Medio Cudeyo,1,1,2
Unami CP,1,1,2
Ravenna FC,1,1,2
SV ARC Alphen aan den Rijn,0,2,2
FK TransINVEST,1,1,2
Marsaxlokk FC,1,1,2
CD Cantolagua,1,1,2
SD Beasain,2,0,2
CF San Agustín,2,0,2
Racing Murcia FC (-2024),1,1,2
CD Laguna,2,0,2
CD Ribadumia,1,1,2
CD Fuentes,1,1,2
UD Alzira,2,0,2
Nörrebro FF,1,1,2
Comillas CF,2,0,2
CD El Álamo,2,0,2
PAO Rouf,1,1,2
Ramsgate FC,1,1,2
Naftovyk Dolyna,0,2,2
FС Vologda (-2014),1,1,2
CVV Blauw Wit '34 Leeuwarden,0,2,2
Canvey Island FC,1,1,2
FK Piter St. Petersburg (-2013),1,1,2
Harborough Town,0,2,2
Ethnikos Sochou,2,0,2
SSD San Nicolò Notaresco,0,2,2
Dragör Boldklub,2,0,2
Eastbourne Borough,1,1,2
CD Cazalegas,2,0,2
FC Culpa,2,0,2
Casarano Calcio,0,2,2
Atzeneta UE,2,0,2
Aris Skalas,1,1,2
Cupar Hearts AFC,0,2,2
UD Tamaraceite,2,0,2
SV Oberachern,2,0,2
EG El Palmar CF,1,1,2
Blau-Weiß Lohne,2,0,2
Kingstonian FC,1,1,2
Weymouth FC,1,1,2
Scarborough Athletic,1,1,2
Anaitasuna FT,1,1,2
CD Peña Azagresa,1,1,2
CD Santa Amalia,2,0,2
Aris Soudas,2,0,2
Nantwich Town FC,1,1,2
PAO Krousona,0,1,1
AE Dimitsanas,0,1,1
AC Prato,0,1,1
APS Patrai,0,1,1
Daventry Town,0,1,1
Biggleswade Town,0,1,1
VV Haaglandia Zondag (- 2017),0,1,1
VV De Valk,0,1,1
AO Dilinaton,0,1,1
CD Puerta Bonita (- 2017),0,1,1
WAVV Wageningen,0,1,1
SC Spirit '30 Hoogkarspel,0,1,1
Correggese Calcio 1948,0,1,1
ZVV Pelikaan,0,1,1
RKSV De Ster,0,1,1
RKSV Leonidas,0,1,1
Novelda CF,0,1,1
PO Triglias,0,1,1
AC Savoia 1908,0,1,1
Tved BK,0,1,1
DAW Schaijk,0,1,1
VV Geldrop,0,1,1
SC Veendam,0,1,1
UD Playas de Sotavento,0,1,1
SV Argon,0,1,1
RKHVV Huissen,0,1,1
FC Hennef 05,1,0,1
Rimini FC,0,1,1
Medeya - Nevytskyi Zamok Onokivska TG,0,1,1
Agron Velyki Gai OTG,0,1,1
Lutsksantekhmontazh №536 Lutsk,0,1,1
Palmira Odesa,0,1,1
NIKA SMK Bogodukhiv,0,1,1
FC Novoukrainka,0,1,1
Billund IF,0,1,1
CD Santurtzi,0,1,1
Thorsager-Rönde Idraetsforening,0,1,1
Hermes FC,1,0,1
Lochar Thistle FC,0,1,1
Steins Thistle,0,1,1
Rebel Kyiv,0,1,1
Velocitas 1897 Groningen,0,1,1
RKVV Sportclub '25 Bocholtz,0,1,1
CD Unión Malacitano,1,0,1
VV DVO Sittard,0,1,1
RSD Alcalá,1,0,1
Salerm Puente Genil FC,1,0,1
RKSV Mierlo-Hout Helmond,0,1,1
Chatham Town,0,1,1
CD Roda,1,0,1
VV SVBO Emmen,0,1,1
Treviso FBC 1993,0,1,1
Sarnese 1926,0,1,1
SV Laar,0,1,1
CD Zirauki,0,1,1
ASD Santhià Calcio,0,1,1
FC Esperia Viareggio,0,1,1
Termoli Calcio 1920,0,1,1
UD Rotlet Molinar,0,1,1
FC Chabab,0,1,1
CD Sauzal,0,1,1
CU Zona Norte,0,1,1
Whitby Town,0,1,1
Worksop Town,0,1,1
Anagennisi Epanomis,0,1,1
FS Eordaikos,0,1,1
Bradford Park Avenue,0,1,1
Arlesey Town FC,0,1,1
Akadimia Platamona,0,1,1
PAS Spartis,0,1,1
Hendon FC,0,1,1
Saronikos Anavyssou,0,1,1
Thyella Patron,0,1,1
AS Kastoria 1980,0,1,1
Kilkisiakos,0,1,1
Astrapi Mesopotamias,0,1,1
Forum Sport Voorburg,0,1,1
Loja CD,0,1,1
La Roda CF,0,1,1
AC Este 1920,0,1,1
San Marino,0,1,1
ASD Città di Marino,0,1,1
AC Cuneo 1905,0,1,1
Petrotrest St. Petersburg (-2013),0,1,1
SSh-7 Karelia,0,1,1
Megas Alexandros Agias Marinas,0,1,1
GSD Ambrosiana,0,1,1
USD Breno,0,1,1
AZ Picerno,0,1,1
Gelbison,0,1,1
Team Wellington (2004-2021),0,1,1
AE Xirovouniou,0,1,1
PO Dafni Dafnona,0,1,1
FK Slavyanskiy (-2013),0,1,1
Sicula Leonzio,0,1,1
Thraki Feron,0,1,1
Offenburger FV,1,0,1
AO Paleochoras,0,1,1
AE Mesolongiou,0,1,1
Iraklis Polykarpis,0,1,1
Bogense G&IF,0,1,1
Pineto Calcio,0,1,1
Albalonga Calcio,0,1,1
Club Polideportivo El Ejido,0,1,1
Tritium Calcio 1908,0,1,1
CP Chinato,0,1,1
CF Épila,0,1,1
Monterosi FC,0,1,1
CD Colegios Diocesanos,0,1,1
Pro Piacenza 1919,0,1,1
Siracusa Calcio,0,1,1
Real SC,0,1,1
US Pistoiese 1921,0,1,1
FC Schönberg 95,1,0,1
Arcos CF,0,1,1
VV Spijkenisse,0,1,1
Truro City FC,0,1,1
Sassari Latte Dolce,0,1,1
MASV Arnhem,0,1,1
Thyella Rafinas,0,1,1
Cavese 1919,0,1,1
Union Titus Petange,0,1,1
AO Potamias,0,1,1
UD Gran Tarajal,0,1,1
Souli Paramythias,0,1,1
CD Pedroñeras,0,1,1
AD Lobón,0,1,1
Atlético Porcuna CF,0,1,1
AS Meteora,0,1,1
AS Leonidiou,0,1,1
Sirens FC,0,1,1
Atromitos Agiou Georgiou,0,1,1
CD Barquereño,0,1,1
Urraca CF,0,1,1
Ilysiakos AO,0,1,1
CD Pontellas,0,1,1
Omiros Neochoriou,0,1,1
Megas Alexandros Kallitheas,0,1,1
VV Winsum,0,1,1
Chichester City,0,1,1
Villarrubia CF,0,1,1
HSV De Zuidvogels,0,1,1
RKSV Minor,0,1,1
Hienghene Sport,0,1,1
CE Atlètic Lleida,1,0,1
US Città di Fasano,0,1,1
FC Ponsacco 1920,0,1,1
ASD Fanfulla,0,1,1
SV Falkensee/Finkenkrug,1,0,1
Tobol Tobolsk,0,1,1
VV Hoogezand,0,1,1
RKVVV Best Vooruit,0,1,1
SV Venray,0,1,1
Dinamo-Auto Tiraspol (-2024),0,1,1
Skelmersdale United,0,1,1
AFSK Kyiv,0,1,1
SS Akragas Città dei Templi,0,1,1
Atromitos Patron,0,1,1
LONGA '30,0,1,1
Aris Petinou,0,1,1
Apollon Agiou Ioanni,0,1,1
Pyrasos Neas Agchialou,0,1,1
FC Balashikha,0,1,1
SV Wacker Burghausen,1,0,1
AS Pirae,0,1,1
Merthyr Town FC,0,1,1
Bowers & Pitsea FC,0,1,1
Mora CF,0,1,1
US Poggibonsi,0,1,1
USD Sestri Levante 1919,0,1,1
Calcio Lecco 1912,0,1,1
AS Melfi,0,1,1
ZVV Zaanlandia,0,1,1
Barsa Sumy,0,1,1
Ciliverghe Calcio,0,1,1
USD Olginatese,0,1,1
GSD RapalloBogliasco,0,1,1
Terracina Calcio,0,1,1
Keravnos Angelochoriou,0,1,1
Taranto FC 1927,0,1,1
Santarcangelo Calcio,0,1,1
Foligno Calcio,0,1,1
Loch Ness FC,0,1,1
Coalville Town,0,1,1
RKSV Groen Wit Breda,0,1,1
Trival Valderas Alcorcón,0,1,1
VV Sittard,0,1,1
SV Bon Boys Haaksbergen,0,1,1
East Thurrock United,0,1,1
Needham Market FC,0,1,1
Alma Juventus Fano 1906,0,1,1
FC Ascó,0,1,1
CF Jaraiz,0,1,1
Megas Alexandros Orfaniou,0,1,1
Amvrakikos Loutrou,0,1,1
AE Dimitra Efxinoupolis,0,1,1
Zamudio SD,0,1,1
UD Villa de Santa Brígida,0,1,1
Aetos Makrychoriou,0,1,1
Iraklis Larisas,0,1,1
Iraklis Ampelokipon,0,1,1
Atarfe Industrial CF,0,1,1
Lyubomyr Stavyshche,0,1,1
SV Roßbach/Verscheid,1,0,1
AZSV Aalten,0,1,1
MFA Munkach,0,1,1
Stamford AFC,0,1,1
Anzhi-Yunior Zelenodolsk ( - 2018),0,1,1
AD Valdinievole Montecatini,0,1,1
Aias Gastounis,0,1,1
AS Santorinis 2020,0,1,1
SC Caronnese,0,1,1
FC Francavilla 1931,0,1,1
AO Karavas,0,1,1
AO Kyanous Asteras Varis,0,1,1
Frattese Calcio,0,1,1
AO Pyliou,0,1,1
Asteras Vlachioti,0,1,1
CD Hernani,0,1,1
CD Injerto,0,1,1
SE Penya Independent,0,1,1
AS Gualdo Casacastalda,0,1,1
Atlético Espeleño,0,1,1
Stalybridge Celtic,0,1,1
FC Jumilla (- 2019),0,1,1
ASD Lanusei Calcio,0,1,1
FV Ravensburg,1,0,1
UD Ourense,1,0,1
CD Pradejón,1,0,1
Granitis Agias Marinas,1,0,1
AO Neos Asteras Rethymnou,1,0,1
Nibe Boldklub,1,0,1
AFC Amsterdam Zaterdag,1,0,1
Köge Union,1,0,1
CD Monte Santander,1,0,1
CP Mijas Las Lagunas,1,0,1
Jubbega,1,0,1
AD Llerenense,1,0,1
TSK-Tavriya Simferopol,1,0,1
Zhemchuzhina Yalta,1,0,1
CD Manchego Ciudad Real,1,0,1
CD Covadonga,1,0,1
CD Ursaria,1,0,1
AO Vistonidas,1,0,1
FSV Union Fürstenwalde,1,0,1
CF Illueca,1,0,1
SV Todesfelde,1,0,1
Glamsbjerg IF,1,0,1
RSV Meinerzhagen,1,0,1
Pioner Leningradskaya,1,0,1
Rodina Media Moskau,1,0,1
Shturm Ivankiv (- 2024),1,0,1
MTV Eintracht Celle,1,0,1
1.FC Düren,1,0,1
Veensche Boys,1,0,1
VSG Altglienicke,1,0,1
VAST Mykolaiv,1,0,1
Druzhba Myrivka,1,0,1
SV Nieuwkoop,1,0,1
AGB Amsterdam,1,0,1
VPV Purmersteijn,1,0,1
Sheppey United,1,0,1
1.FC Phönix Lübeck,1,0,1
FC Avrasya,1,0,1
Sönderborg Fremad,1,0,1
VfB Eichstätt,1,0,1
KSV Baunatal,1,0,1
KFC Uerdingen 05,1,0,1
Vigerslev Boldklub,1,0,1
Skjern GF,1,0,1
Fredericia fF,1,0,1
SEF Torres 1903,1,0,1
Olimp Khimki (-2020),1,0,1
Asteras Iteas,1,0,1
Doxa Neou Sidirochoriou,1,0,1
Iraklis Elefsinas,1,0,1
ZOV Moscow,1,0,1
UD Sámano,1,0,1
Hitchin Town,1,0,1
FSV Wacker Nordhausen,1,0,1
Vaynakh Shali,1,0,1
VfV 06 Hildesheim,1,0,1
Ethnikos Alexandroupolis,1,0,1
Carshalton Athletic,1,0,1
Dulwich Hamlet,1,0,1
CB Ramón y Cajal,1,0,1
UD Fraga,1,0,1
Sportclub Silvolde (- 2023),1,0,1
PAONE Eptalofou,1,0,1
Avangard Bziv,1,0,1
FC Sunshine,1,0,1
SV TOP,1,0,1
US Adriese 1906,1,0,1
Metallurg Magnitogorsk,1,0,1
Faarvang IF,1,0,1
Dronninglund IF,1,0,1
Jaegersborg BK,1,0,1
Jetsmark IF,1,0,1
Amager FF,1,0,1
Revera 1908 Ivano-Frankivsk,1,0,1
Broager UI,1,0,1
OF Agiou Mattheou,1,0,1
Thyella Sarakinon,1,0,1
FK Bucha,1,0,1
SKA Odessa (2010),1,0,1
B.1973 Herlev,1,0,1
B.73 Slagelse,1,0,1
FK Sumy,1,0,1
Ethnikos Skoulikadou,1,0,1
AIA-Tranbjerg,1,0,1
Strandby-Elling-Nielstrup IF,1,0,1
Saaby Fodbold,1,0,1
Mosede BK,1,0,1
Skibet IF,1,0,1
FC Nyhavn,1,0,1
Ktinotrofikos Asteras Kalirachis,1,0,1
AO Porou,1,0,1
Peresvet-Trekhgorka Domodedovo,1,0,1
Vélez CF,1,0,1
Stratford Town,1,0,1
CF Panadería Pulido,1,0,1
Unión Club Ceares,1,0,1
UD Montijo,1,0,1
Calvo Sotelo Puertollano CF,1,0,1
Xerez Deportivo FC,1,0,1
CD Brea,1,0,1
SV Straelen,1,0,1
Nalón CF,1,0,1
CD Aldeano,1,0,1
Anagennisi Ierapetras,1,0,1
1.FC Kaan-Marienborn,1,0,1
AE Neapolis,1,0,1
Einheit Wernigerode,1,0,1
Nefis Kazan,1,0,1
Ocean Nakhodka,1,0,1
BK Rödovre,1,0,1
Volgar-Astrakhan Astrakhan,1,0,1
UD Guía,1,0,1
CF Rusadir,1,0,1
AUGC Ceuta (- 2020),1,0,1
CF Montañesa,1,0,1
Real Titánico,1,0,1
Akademia Togliatti (-2012),1,0,1
Spartak Tambov (-2014),1,0,1
Miengo FC,1,0,1
TuS Makkabi Berlin,1,0,1
Rostocker FC 1895,1,0,1
TSG Balingen,1,0,1
TuS Bersenbrück,1,0,1
Kaysar Kyzylorda,1,0,1
Susaa IF,1,0,1
Móstoles CF,1,0,1
Nove Zhyttya Andriivka,1,0,1
Dianalund IF,1,0,1
VfL Oldenburg,1,0,1
Zhasmin Mikhaylovsk,1,0,1
Bolbro G&IF,1,0,1
Kvik/Aalestrup IF,1,0,1
PAO Koutseliou,1,0,1
AO Ermis Zonianon,1,0,1
Wuppertaler SV,1,0,1
Türkgücü München,1,0,1
ODEK Orzhiv,1,0,1
Montilla CF,1,0,1
SD Almazán,1,0,1
CF Vimenor,1,0,1
CD Huétor Tájar,1,0,1
CD Utrera,1,0,1
FK Gvardeyets Skvortsovo,1,0,1
Haringey Borough FC,1,0,1
AO Chalkis,1,0,1
FK Avtofavorit Pskov,1,0,1
SVL Langbroek,1,0,1
Buryatia Ulan-Ude,1,0,1
Shumbrat Saransk,1,0,1
Real World Challenge St. Petersburg,1,0,1
FC Udfordringen,1,0,1
Boldklubben Stjernen 1968,1,0,1
RKSV Volkel,1,0,1
VV OWIOS Oldebroek,1,0,1
SV Hemelingen,1,0,1
SHO Oud Beijerland,1,0,1
TSV 1860 Rosenheim,1,0,1
Sport-Union Neckarsulm,1,0,1
Girnyk Novoyavorivsk,1,0,1
Legiya Kyiv,1,0,1
Grenaa IF,1,0,1
CD El Palo,1,0,1
RSV Eintracht 1949,1,0,1
Gosport Borough,1,0,1
SV Waldkirch,1,0,1
Stroitel Kamensk-Shakhtinskiy,1,0,1
CD Puertollano,1,0,1
VV De Bataven Gendt,1,0,1
MSC Meppel,1,0,1
VV Oude Maas,1,0,1
FVC Leeuwarden,1,0,1
FT Braunschweig,1,0,1
ZFC Meuselwitz,1,0,1
1.FC Neubrandenburg 04,1,0,1
USC Paloma Hamburg,1,0,1
Sportfreunde Siegen,1,0,1
SV Alemannia Waldalgesheim,1,0,1
Shortwood United,1,0,1
Corby Town,1,0,1
Aalholm IF,1,0,1
Sködstrup SF,1,0,1
Skovsgaard B,1,0,1
FC Aalsmeer,1,0,1
Penuel Kryvyi Rig,1,0,1
Mayak Sarny,1,0,1
Avangard Lozova,1,0,1
Atlet Kyiv,1,0,1
VV DZOH Emmen,1,0,1
SV Walcheren Vlissingen,1,0,1
SV De Foresters Heiloo,1,0,1
Skibsby-Højene IF,1,0,1
VV Heino,1,0,1
RKVV DESO Oss,1,0,1
Catarroja CF,1,0,1
CP Villarrobledo,1,0,1
SS Barletta Calcio,1,0,1
Atlético Tordesillas,1,0,1
Kormil Yavoriv,1,0,1
AO Kassiopi,1,0,1
St Cadoc's YC,1,0,1
Whitburn FC,1,0,1
Doxa Kranoulas,1,0,1
Ethnikos Asteras,1,0,1
AS Rouvas,1,0,1
SV Schott Jena,1,0,1
SG Aumund-Vegesack,1,0,1
SV Lippstadt 08,1,0,1
SC Fortuna Köln,1,0,1
VfR Neumünster,1,0,1
TSG Pfeddersheim,1,0,1
SF Baumberg,1,0,1
Öresund Klubfodbold,1,0,1
Snejbjerg SG&I,1,0,1
Nörager B,1,0,1
Zeilbergse Sport Vereniging,1,0,1
BFC Viktoria 89 (- 2013),1,0,1
CD Móstoles URJC,1,0,1
FC De Bilt,1,0,1
Thyella Chalkiou,1,0,1
SV Linx,1,0,1
Hyde United,1,0,1
SV HBC Heemstede,1,0,1
USV Elinkwijk Utrecht,1,0,1
Shaw Lane A.F.C.,1,0,1
VV De Meern,1,0,1
Smolikas Falanis,1,0,1
VV Heerjansdam,1,0,1
Jove Español San Vicente,1,0,1
CD Cuarte,1,0,1
CD Cortes,1,0,1
UD Lanzarote,1,0,1
Rushall Olympic,1,0,1
AE Kydonias,1,0,1
Orestis Orestiadas,1,0,1
Sudnobudivnyk Mykolaiv,1,0,1
Humlebaek BK,1,0,1
CBS Sport,1,0,1
Lemming IF,1,0,1
Østre Boldklub,1,0,1
LKB/Gistrup,1,0,1
F.C. Gladsaxe,1,0,1
IF Føroyar,1,0,1
1.CfR Pforzheim,1,0,1
AE Agiou Dimitriou,1,0,1
BSC Hastedt,1,0,1
SSV Jeddeloh II,1,0,1
Rot-Weiß Oberhausen,1,0,1
Braendekilde-Bellinge Boldklub,1,0,1
Ermis Kanaliou,1,0,1
1.FC Lok Stendal,1,0,1
Rotor 2 Volgograd ( -2022),1,0,1
AFC Totton,0,1,1
Lüneburger SK Hansa,1,0,1
Condal Club,1,0,1
SV Eichede,1,0,1
BFC Preussen,1,0,1
1.FC Germania Egestorf/Langreder,1,0,1
SG Wattenscheid 09,1,0,1
Didcot Town FC,1,0,1
Barwell FC,1,0,1
VV Dubbeldam,1,0,1
SC Hauenstein,1,0,1
SV Blerick,1,0,1
JSV Nieuwegein,1,0,1
KSV Hessen Kassel,1,0,1
HSV Barmbek-Uhlenhorst,1,0,1
Moghreb Atlético Tétouan,1,0,1
Norton United,1,0,1
FSV Zwickau,1,0,1
AFC Sudbury,1,0,1
Sportfreunde Dorfmerkingen,1,0,1
Girnyk Sosnivka,1,0,1
AD Fafe,1,0,1
Merstham FC,1,0,1
Bonner SC,1,0,1
Rot-Weiß Erfurt,1,0,1
SV Morlautern,1,0,1
Leher TS Bremerhaven,1,0,1
Araz-Nakhchivan,0,0,0
Aarhus 1900,0,0,0
Chippenham Town,0,0,0
ETO FC Győr,0,0,0
OFK Olimpik Novi Grad - Sarajevo,0,0,0
FShM Moskau,0,0,0
Annan Athletic FC,0,0,0
Länk FC Vilaverdense,0,0,0
VV SCM Maastricht,0,0,0
Vatanspor,0,0,0
Forest Green Rovers,0,0,0
FC Leningradets,0,0,0
FC Ararat-Armenia,0,0,0
Barakaldo CF,0,0,0
FK Sevastopol,0,0,0
