game_id,Date,Home Team,Away Team,home_lineup_embedding_1,away_lineup_embedding_1,home_lineup_embedding_2,away_lineup_embedding_2,home_lineup_embedding_3,away_lineup_embedding_3,home_lineup_embedding_4,away_lineup_embedding_4,home_lineup_embedding_5,away_lineup_embedding_5,home_lineup_embedding_6,away_lineup_embedding_6,home_lineup_embedding_7,away_lineup_embedding_7,home_lineup_embedding_8,away_lineup_embedding_8,home_lineup_embedding_9,away_lineup_embedding_9,home_lineup_embedding_10,away_lineup_embedding_10,home_lineup_embedding_11,away_lineup_embedding_11,home_lineup_embedding_12,away_lineup_embedding_12,home_lineup_embedding_13,away_lineup_embedding_13,home_lineup_embedding_14,away_lineup_embedding_14,home_lineup_embedding_15,away_lineup_embedding_15,home_lineup_embedding_16,away_lineup_embedding_16,home_lineup_embedding_17,away_lineup_embedding_17,home_lineup_embedding_18,away_lineup_embedding_18,home_lineup_embedding_19,away_lineup_embedding_19,home_lineup_embedding_20,away_lineup_embedding_20,home_lineup_embedding_21,away_lineup_embedding_21,home_lineup_embedding_22,away_lineup_embedding_22,home_lineup_embedding_23,away_lineup_embedding_23,home_lineup_embedding_24,away_lineup_embedding_24,home_lineup_embedding_25,away_lineup_embedding_25,home_lineup_embedding_26,away_lineup_embedding_26,home_lineup_embedding_27,away_lineup_embedding_27,home_lineup_embedding_28,away_lineup_embedding_28,home_lineup_embedding_29,away_lineup_embedding_29,home_lineup_embedding_30,away_lineup_embedding_30,home_lineup_embedding_31,away_lineup_embedding_31,home_lineup_embedding_32,away_lineup_embedding_32
20260911_REN_OM,2026-09-11,REN,OM,0.69161135,0.77841127,0.62867504,0.6816846,0.25937188,0.09360972,0.86841625,0.967914,-0.38105807,-0.53349394,-0.04420146,-0.103121944,-0.42116606,-0.50667745,-0.5479914,-0.619615,-0.37683177,-0.45254207,-0.77758294,-0.9865954,-0.31280163,-0.33824933,0.27465537,0.37560844,0.8123485,0.92692703,-0.39334717,-0.5204766,0.3162515,0.23632991,0.37501854,0.4201237,-0.52133125,-0.6153804,0.37381744,0.39705676,0.2358971,0.15658979,-0.61688656,-0.7389237,0.6097741,0.760209,-0.8717726,-1.0369312,-0.05485359,0.012213349,-0.7867037,-0.9020197,-0.35868114,-0.3448868,-0.15550758,-0.09588431,-0.09340502,-0.072066195,-0.2724279,-0.29713508,-0.31492198,-0.40842333,0.037648752,0.0421855,-0.5927735,-0.5905484,-0.9338311,-1.094521
20260911_UNB_S04,2026-09-11,UNB,S04,0.72599,0.75608546,0.6774809,0.6580174,0.473799,0.068313636,0.86007476,0.95141274,-0.34926772,-0.5041393,0.03259889,-0.09950568,-0.41193742,-0.49574405,-0.63218415,-0.5963363,-0.37526023,-0.45607865,-0.72425395,-0.94660616,-0.35240233,-0.3139714,0.27990347,0.3590151,0.82421917,0.89566493,-0.3518848,-0.5210446,0.43393478,0.21979523,0.36659586,0.42374068,-0.49553093,-0.5910938,0.39966416,0.3845534,0.248137,0.15552288,-0.6652624,-0.7051964,0.5732949,0.740935,-0.8653806,-1.0010593,-0.10702029,0.012426169,-0.848483,-0.862362,-0.40653762,-0.32729313,-0.23311701,-0.07998334,-0.16745514,-0.059682462,-0.26697424,-0.29314408,-0.28293535,-0.38818526,-0.019711886,0.04407321,-0.6287764,-0.55728054,-0.96250075,-1.0708799
20260911_VEN_FIO,2026-09-11,VEN,FIO,0.7416041,0.7779189,0.66619325,0.6671535,0.2570807,-0.13029881,0.92623204,0.96885496,-0.4571805,-0.5751898,-0.036250312,-0.18312299,-0.4676321,-0.51388216,-0.6154683,-0.5638908,-0.42279142,-0.46919233,-0.866843,-1.0688847,-0.3405295,-0.33175576,0.3331146,0.39432517,0.87572265,0.941468,-0.43624777,-0.61483335,0.32348663,0.09891136,0.38318464,0.45946681,-0.5585104,-0.63906115,0.39897206,0.36852333,0.1871982,0.06806693,-0.7098604,-0.75574493,0.66075355,0.82920533,-0.9659057,-1.0358764,-0.027195193,0.053692777,-0.88629997,-0.87445146,-0.35914835,-0.30178428,-0.14643717,0.026203051,-0.09875227,-0.060445096,-0.29273233,-0.31921577,-0.35108712,-0.45173237,0.01609376,0.08495352,-0.6263971,-0.49988088,-1.043539,-1.0981383
20260911_SEV_VAL,2026-09-11,SEV,VAL,0.7337996,0.7351144,0.68513954,0.65138847,0.4751143,0.072542615,0.8726209,0.9404186,-0.36643282,-0.49951014,0.043901324,-0.11837944,-0.41367853,-0.4914195,-0.6450518,-0.5599443,-0.37509492,-0.4486996,-0.7404164,-0.94063485,-0.36153632,-0.3163421,0.28674728,0.350774,0.83299625,0.8986111,-0.3586343,-0.50654715,0.4368849,0.21430112,0.36976725,0.39538848,-0.50508654,-0.5806089,0.40725482,0.3731097,0.23318376,0.14291428,-0.6907873,-0.7109421,0.59128416,0.70370996,-0.88649106,-0.9876647,-0.09830339,0.0057136863,-0.86878484,-0.8671771,-0.39923325,-0.33205098,-0.2289394,-0.060737897,-0.16994722,-0.06316222,-0.2745897,-0.30929035,-0.28574833,-0.4040365,-0.026030332,0.061999287,-0.63816935,-0.5762577,-0.98404,-1.0462961
20260912_LIV_FUL,2026-09-12,LIV,FUL,0.7516904,0.7479492,0.6833782,0.66065353,0.40631825,0.22046979,0.91387695,0.96871936,-0.4081883,-0.4846995,0.013608964,-0.0472784,-0.4426743,-0.4810744,-0.65249956,-0.60985726,-0.39768124,-0.43039906,-0.7940884,-0.903858,-0.34653455,-0.32527462,0.30657166,0.3373241,0.86596745,0.89881164,-0.38754013,-0.45316878,0.4055029,0.30582544,0.38224953,0.38888285,-0.5332732,-0.5709623,0.41609606,0.4084161,0.2401299,0.18253274,-0.6885564,-0.72111464,0.62224764,0.6742617,-0.93848413,-1.0085877,-0.07025516,-0.0019842202,-0.88567775,-0.90525573,-0.39728856,-0.35944614,-0.21861894,-0.136948,-0.14474596,-0.09050647,-0.2677686,-0.2956122,-0.32818124,-0.3818077,-0.016223941,0.009742751,-0.6441468,-0.6300024,-1.0265352,-1.0722507
20260912_AJA_NIC,2026-09-12,AJA,NIC,0.7657185,0.71557564,0.67934203,0.6814588,0.2670131,0.5477979,0.9305447,0.8381805,-0.46012032,-0.31100985,-0.036961924,0.071470276,-0.46321735,-0.39093038,-0.6417863,-0.6326696,-0.41958052,-0.36834532,-0.8716109,-0.67025626,-0.3414118,-0.35148758,0.33537325,0.25774065,0.8938123,0.8002616,-0.4354819,-0.33062294,0.32778385,0.47023335,0.40539342,0.36056212,-0.5732994,-0.46366918,0.4114715,0.38931584,0.21871862,0.23199093,-0.69793165,-0.67069066,0.6853923,0.53965974,-0.9767652,-0.8193512,-0.043239467,-0.12683399,-0.8854443,-0.8366992,-0.3724564,-0.410427,-0.17038435,-0.24724594,-0.107788436,-0.19860177,-0.27533656,-0.26696366,-0.35640734,-0.251249,0.023387218,-0.05486296,-0.63030946,-0.6091338,-1.053142,-0.94137084
20260912_HAC_ANG,2026-09-12,HAC,ANG,0.73612857,0.74320203,0.6737782,0.66889286,0.38603908,0.06492131,0.89897007,0.93049884,-0.39967012,-0.5059264,-0.0053317873,-0.1205182,-0.4419529,-0.4788803,-0.63066196,-0.5781679,-0.4043194,-0.4234274,-0.79086274,-0.94783634,-0.3412164,-0.31740338,0.30635044,0.32949054,0.85337067,0.89419204,-0.39168856,-0.50489086,0.39185986,0.22012419,0.37451705,0.41613892,-0.5240694,-0.6075118,0.40182695,0.37888986,0.23347944,0.17475137,-0.6789879,-0.6740879,0.60763454,0.7433427,-0.92667747,-0.9839476,-0.07197518,0.007197007,-0.8745728,-0.83103323,-0.39574528,-0.33620885,-0.20452331,-0.08403722,-0.13127065,-0.05940426,-0.2784015,-0.27288282,-0.3187944,-0.41309735,-0.005951678,0.052181505,-0.630001,-0.5594959,-1.0031068,-1.0270132
20260912_LOR_TFC,2026-09-12,LOR,TFC,0.7294358,0.7343232,0.64253384,0.68783706,0.02648148,0.51379496,0.912653,0.8563131,-0.47524017,-0.33880183,-0.13637729,0.053842053,-0.4850942,-0.40587413,-0.5492443,-0.64879525,-0.4382658,-0.37558514,-0.9249762,-0.70713156,-0.2991006,-0.35678712,0.34131294,0.28005773,0.8750389,0.8225887,-0.5113005,-0.34663287,0.18905024,0.4557124,0.41304126,0.37094334,-0.5787347,-0.48801726,0.36784962,0.40053225,0.17804062,0.24284129,-0.6521161,-0.67661244,0.72649795,0.5706714,-0.9572088,-0.8565958,-0.004893337,-0.11839677,-0.80947274,-0.8538901,-0.33674774,-0.40983978,-0.06417116,-0.2477129,-0.046960227,-0.18578136,-0.29034197,-0.26451758,-0.39075905,-0.26859123,0.07718247,-0.03548847,-0.5362713,-0.62398165,-1.0134634,-0.9681607
20260912_PFC_OL,2026-09-12,PFC,OL,0.76203805,0.73961604,0.68012273,0.6793929,0.16849223,0.42913958,0.9610049,0.8854738,-0.5120774,-0.37960052,-0.073567145,0.022422586,-0.4974851,-0.43263257,-0.61707217,-0.6385009,-0.4421673,-0.39152637,-0.9445802,-0.7664797,-0.33611482,-0.3422774,0.36329967,0.2952127,0.9120538,0.84427243,-0.47542283,-0.36869928,0.27985185,0.415209,0.39923385,0.37383053,-0.5941503,-0.51463014,0.40593898,0.405533,0.17687377,0.23939556,-0.72867787,-0.67899,0.7090502,0.6023791,-1.0178846,-0.90372306,-0.004865896,-0.08654446,-0.9036704,-0.86326957,-0.3594099,-0.4020398,-0.1247354,-0.22363481,-0.08728666,-0.14555287,-0.2906965,-0.27585945,-0.39555705,-0.30085552,0.03363317,-0.021641241,-0.6201799,-0.63252705,-1.080711,-0.9993392
20260912_RCS_ASM,2026-09-12,RCS,ASM,0.7272047,0.7396791,0.676697,0.67392343,0.46710345,0.36496365,0.85135835,0.90677196,-0.34330744,-0.4144507,0.03180903,-0.0047126794,-0.4062492,-0.44092786,-0.6325353,-0.633069,-0.3722555,-0.3999732,-0.7178647,-0.8040875,-0.35157132,-0.34388882,0.27707264,0.30739057,0.82089925,0.8571722,-0.34898767,-0.40352955,0.42972118,0.3837281,0.3729964,0.37917462,-0.49729964,-0.5364034,0.39711517,0.40043527,0.25790864,0.22636896,-0.6549564,-0.6875665,0.5788425,0.6311228,-0.8527446,-0.9370492,-0.11393214,-0.059170317,-0.8343066,-0.8769643,-0.4038485,-0.38307583,-0.23740053,-0.19867888,-0.16580594,-0.12600893,-0.26062348,-0.27571645,-0.27639258,-0.32360655,-0.012628732,-0.0058674733,-0.6253206,-0.63335675,-0.95426637,-1.0140771
20260912_ATA_CAG,2026-09-12,ATA,CAG,0.84768325,0.75102097,0.7961109,0.6603278,-1.0765686,0.0043651788,0.8325731,0.9501536,-0.7266184,-0.5326965,-0.58389884,-0.12554635,-0.6727983,-0.49011576,-0.43484578,-0.572348,-0.5767679,-0.44745022,-1.4196174,-0.98332274,-0.3880622,-0.31280306,0.64272803,0.35300964,0.9592431,0.9006182,-1.0332732,-0.5354525,-0.43561983,0.18557204,0.67471474,0.43150115,-0.612675,-0.61134464,0.27385,0.3816321,-0.3878405,0.13792822,-0.7592154,-0.707493,1.164257,0.76467437,-1.0212383,-1.0092446,0.10852843,0.025017507,-0.7286385,-0.85033643,-0.30756158,-0.3192591,0.5590128,-0.0477165,-0.1646814,-0.05835959,-0.44446436,-0.29496506,-0.7251505,-0.415106,0.21319091,0.061622195,0.13571464,-0.5449658,-1.157716,-1.0646218
20260912_LAZ_ACM,2026-09-12,LAZ,ACM,0.72968584,0.7869412,0.6628101,0.6887325,0.29633084,0.015276791,0.890896,0.98784286,-0.41318196,-0.5697263,-0.039639555,-0.13302127,-0.43335885,-0.5285868,-0.6086242,-0.61315775,-0.38991907,-0.47521102,-0.8151175,-1.0342729,-0.33971933,-0.33226293,0.29652023,0.39777067,0.8594576,0.94503653,-0.41056368,-0.5645278,0.33771354,0.1947564,0.38776207,0.42970872,-0.5491715,-0.63006634,0.39382085,0.39060903,0.23650692,0.11735493,-0.6568083,-0.7646337,0.6420479,0.7873756,-0.9176801,-1.0633913,-0.059461184,0.032235384,-0.842903,-0.91293734,-0.37261185,-0.33029485,-0.1720218,-0.05519004,-0.10887696,-0.06997317,-0.26640028,-0.30008307,-0.33989987,-0.4454343,0.027893493,0.051578347,-0.6212688,-0.5634081,-0.9823371,-1.1228504
20260912_GEN_FRO,2026-09-12,GEN,FRO,0.7333551,0.7341029,0.6584687,0.68878883,0.15574226,0.53569216,0.91627645,0.84600633,-0.47140148,-0.3223063,-0.091182865,0.061631087,-0.46438426,-0.40042406,-0.5919093,-0.6491691,-0.42104828,-0.37453637,-0.89159435,-0.6890237,-0.32586867,-0.35585922,0.32367098,0.27619037,0.8707782,0.81666034,-0.48269674,-0.3372896,0.2693469,0.46455896,0.4000722,0.3710956,-0.58004135,-0.47697055,0.37960047,0.3983576,0.19786806,0.24677497,-0.66971993,-0.673187,0.7018452,0.5587707,-0.9617094,-0.83835125,-0.013554652,-0.13198762,-0.84413826,-0.84650564,-0.3464816,-0.41601685,-0.11774225,-0.2557928,-0.075717196,-0.19618602,-0.2694888,-0.26364326,-0.37768644,-0.25674742,0.0430415,-0.038691845,-0.5834475,-0.6182881,-1.0158193,-0.9591458
20260912_ATH_ELC,2026-09-12,ATH,ELC,0.7306759,0.69507176,0.6641334,0.6786651,0.19643421,0.63125336,0.92771053,0.80447423,-0.46707612,-0.24866614,-0.064071886,0.106967814,-0.4650977,-0.36575514,-0.5891233,-0.62368816,-0.41692668,-0.35932004,-0.88135755,-0.6000184,-0.32451558,-0.3559216,0.3211664,0.23817343,0.8696244,0.77719706,-0.4532149,-0.31329,0.29357243,0.49141723,0.3929352,0.34730247,-0.5723687,-0.40937817,0.38725173,0.3742643,0.1904457,0.21443471,-0.68814135,-0.6677999,0.6748654,0.4869088,-0.9683832,-0.74578243,-0.015387376,-0.1579218,-0.8550689,-0.8236257,-0.34492278,-0.4287541,-0.12899444,-0.2545156,-0.082952864,-0.24626207,-0.283559,-0.26275736,-0.37007818,-0.20750688,0.03118111,-0.09113521,-0.6001204,-0.57416487,-1.0214679,-0.89088494
20260912_OSA_ESP,2026-09-12,OSA,ESP,0.7546671,0.7290357,0.695904,0.6891848,0.39974228,0.5346158,0.91531163,0.8641837,-0.42018503,-0.33712223,0.01566299,0.07038923,-0.45019543,-0.4037127,-0.65524215,-0.64571416,-0.40442118,-0.37269968,-0.8162689,-0.7041136,-0.35206175,-0.3560639,0.31792086,0.27483338,0.8726797,0.8230423,-0.39324713,-0.34150833,0.40318927,0.46378207,0.38121402,0.36447272,-0.540869,-0.47983304,0.41442388,0.40550682,0.21749756,0.22999449,-0.71720344,-0.6912838,0.6336126,0.55969614,-0.9500621,-0.8592063,-0.06832476,-0.11520195,-0.9000302,-0.86750406,-0.39194804,-0.41241544,-0.20929648,-0.2432029,-0.14149326,-0.19647817,-0.2850934,-0.2737494,-0.32637766,-0.2709809,-0.01867046,-0.050909292,-0.6464695,-0.62780327,-1.0408543,-0.97467536
,2026-09-12,RSA,,0.7273782,0.71685535,0.6774669,0.65830225,0.4507197,0.29629093,0.8809571,0.90650254,-0.3681215,-0.4306531,0.026792387,-0.017038416,-0.42103603,-0.44067195,-0.6326405,-0.5951308,-0.38670638,-0.4006207,-0.74564815,-0.82126576,-0.34581298,-0.33511198,0.28643987,0.3012728,0.8371755,0.84656787,-0.3672108,-0.41004664,0.42407748,0.34450772,0.36838415,0.37041894,-0.5034213,-0.5382484,0.39960983,0.3921944,0.23467039,0.19501022,-0.6788943,-0.68711025,0.5837915,0.6271459,-0.891583,-0.9295103,-0.09106272,-0.035545014,-0.86479443,-0.8610805,-0.3988128,-0.3579599,-0.22182985,-0.15641282,-0.15553015,-0.107006766,-0.2744274,-0.28356495,-0.29655662,-0.33433545,-0.023777124,0.0043257507,-0.6305654,-0.6227478,-0.9825848,-1.0030013
20260912_RMA_RAY,2026-09-12,RMA,RAY,0.7451354,0.7491116,0.6614187,0.6575172,0.12141531,-0.0057132775,0.9383941,0.95249283,-0.50078875,-0.51241887,-0.081600696,-0.15135626,-0.4777299,-0.5027411,-0.58587396,-0.5590632,-0.4284354,-0.4651422,-0.92743444,-0.97416204,-0.323582,-0.3034808,0.333772,0.36123914,0.88474524,0.91152424,-0.48082057,-0.5513991,0.2520862,0.16880685,0.40296197,0.42545924,-0.59103507,-0.598279,0.38784906,0.3649601,0.16248591,0.13095453,-0.7007792,-0.7079438,0.7133336,0.7417583,-0.9832611,-1.0010273,0.0077931285,0.015879946,-0.856882,-0.85781187,-0.33353344,-0.3205582,-0.09688281,-0.032046027,-0.07297107,-0.054436103,-0.28579527,-0.31031024,-0.39040148,-0.42961332,0.03531024,0.07318632,-0.58731234,-0.53365594,-1.0496278,-1.0627066
20260912_BVB_SCP,2026-09-12,BVB,SCP,0.87961304,0.72659934,0.8767687,0.68280447,-1.3921267,0.5192508,0.7826578,0.8403697,-0.7958348,-0.32122123,-0.7128686,0.05464617,-0.724123,-0.3969253,-0.37875935,-0.63828313,-0.5628171,-0.37109953,-1.5526766,-0.68751717,-0.44351384,-0.35221934,0.7218513,0.2702824,0.9602102,0.81076187,-1.137471,-0.33545643,-0.5937529,0.4558262,0.7407724,0.37021273,-0.60074216,-0.47779128,0.2425733,0.39412352,-0.6246381,0.2507386,-0.7946058,-0.66109234,1.2598306,0.5571168,-1.0357053,-0.8308076,0.1509005,-0.12982129,-0.6711132,-0.83337253,-0.2901513,-0.4114807,0.7675629,-0.25090915,-0.22223227,-0.18819189,-0.5026895,-0.26066276,-0.8534202,-0.2571733,0.22704253,-0.032046497,0.38290963,-0.6155949,-1.1614546,-0.9464455
20260912_TSG_VFB,2026-09-12,TSG,VFB,0.7756987,0.75082475,0.6719591,0.6926995,0.05100091,0.47506666,0.9467357,0.8803609,-0.52030385,-0.37091824,-0.11545972,0.047116026,-0.49822962,-0.42369923,-0.6133028,-0.6601906,-0.45646855,-0.38529724,-0.97376865,-0.74938124,-0.32997882,-0.35335943,0.37286723,0.29427207,0.91829264,0.8405,-0.5366535,-0.35946912,0.20443991,0.44294092,0.4359342,0.38092926,-0.6094797,-0.5124205,0.3903256,0.4128045,0.16186778,0.24388435,-0.7107394,-0.6885269,0.7767149,0.60458374,-1.0085257,-0.8952728,0.0030956464,-0.101130754,-0.8742366,-0.8676043,-0.34055164,-0.40517175,-0.07762401,-0.243905,-0.07017832,-0.168207,-0.2900423,-0.268952,-0.4014573,-0.2876526,0.059349284,-0.03146813,-0.5636631,-0.6354864,-1.083676,-1.0051694
20260912_SCF_BMG,2026-09-12,SCF,BMG,0.7277378,0.7385506,0.69139403,0.6854441,0.577566,0.4511969,0.8404128,0.8758545,-0.30326647,-0.3711103,0.074982956,0.03163359,-0.39848226,-0.4286135,-0.6519311,-0.6454073,-0.37683013,-0.39149803,-0.6690412,-0.7538399,-0.361281,-0.35305017,0.27272272,0.29805148,0.8126389,0.8407678,-0.33753675,-0.3651256,0.47981247,0.42324388,0.36127195,0.37138093,-0.4561909,-0.5073283,0.3945542,0.40639895,0.23150751,0.23353492,-0.6867042,-0.68525183,0.53714496,0.5936173,-0.82446295,-0.8916707,-0.13942659,-0.09674428,-0.8592149,-0.8688786,-0.42548564,-0.40186813,-0.25488526,-0.2238503,-0.21395783,-0.1574309,-0.27224538,-0.27685687,-0.24498023,-0.29257402,-0.058093544,-0.021292947,-0.61029637,-0.6340435,-0.9525076,-0.99645495
20260912_FCA_B04,2026-09-12,FCA,B04,0.7494348,0.7651072,0.67461497,0.68395877,0.3644659,0.20190045,0.90164304,0.9238566,-0.40722716,-0.47661597,-0.0015470294,-0.057895627,-0.44375643,-0.4700578,-0.6359703,-0.6234831,-0.39885336,-0.42108786,-0.8028694,-0.90248096,-0.34611022,-0.33208352,0.31550315,0.33625448,0.85847706,0.89180017,-0.3924304,-0.45093203,0.37858725,0.29543567,0.3855371,0.4135696,-0.5363474,-0.59140724,0.4096814,0.40207365,0.23752992,0.21115287,-0.6841158,-0.69159734,0.63151515,0.71285164,-0.9292218,-0.97397065,-0.07195947,-0.033917528,-0.8722023,-0.86111987,-0.38913026,-0.36174303,-0.20366816,-0.150168,-0.13348003,-0.092338435,-0.277291,-0.2760346,-0.31871688,-0.3700005,0.0076762154,0.03583106,-0.6383536,-0.6111026,-1.0197229,-1.0507585
20260912_CRY_IPS,2026-09-12,CRY,IPS,0.72030187,0.711175,0.67265064,0.6859421,0.45383766,0.60171926,0.86135644,0.8220918,-0.35657844,-0.27744702,0.033259798,0.08950565,-0.41116795,-0.38828108,-0.62072617,-0.6392067,-0.3853536,-0.37092155,-0.7271572,-0.6397477,-0.3423976,-0.3592766,0.27709123,0.25705594,0.81337607,0.79445404,-0.35333496,-0.325629,0.42706552,0.48269868,0.3683976,0.3510967,-0.49628812,-0.43486777,0.39359677,0.38857615,0.23315778,0.22039026,-0.6654677,-0.68191767,0.56798744,0.50995284,-0.86399746,-0.78918445,-0.09794037,-0.1465775,-0.84270173,-0.84783214,-0.39207658,-0.42763963,-0.21996754,-0.2464451,-0.15877569,-0.22579592,-0.27259022,-0.2770046,-0.283812,-0.23205838,-0.021721786,-0.07219734,-0.6192721,-0.59744096,-0.96751976,-0.9318496
20260912_CHE_HUL,2026-09-12,CHE,HUL,0.8561517,0.7573205,0.7269254,0.68364275,-0.58897454,0.3417451,1.0109224,0.9358714,-0.71701735,-0.44958737,-0.35715207,-0.007323695,-0.63001937,-0.4603092,-0.5468826,-0.6448032,-0.5688669,-0.41229102,-1.3232431,-0.85300285,-0.33868435,-0.35033154,0.5411413,0.32772246,1.0224539,0.88379097,-0.86378914,-0.41581985,-0.15548839,0.3725517,0.5634504,0.38392544,-0.6829464,-0.5573404,0.3365145,0.41434038,-0.15920725,0.2085543,-0.85647434,-0.7228421,1.0359788,0.6545482,-1.1300665,-0.9798748,0.12796035,-0.04286142,-0.8857548,-0.9118881,-0.2779588,-0.38203776,0.25612608,-0.18655036,-0.08270754,-0.123439066,-0.37025627,-0.2921766,-0.598809,-0.34579387,0.11927084,-0.0060250005,-0.24555814,-0.6500961,-1.2179655,-1.0568732
20260912_AVL_NFO,2026-09-12,AVL,NFO,0.78349924,0.78818524,0.7223347,0.6741973,-0.94735414,-0.26560003,0.87474406,1.0338415,-0.67436403,-0.62840194,-0.52785,-0.25480697,-0.62667227,-0.5675838,-0.3954996,-0.55831635,-0.5490272,-0.51292545,-1.3133243,-1.1631337,-0.33703756,-0.31836936,0.5538639,0.44057676,0.93422824,0.98767835,-0.9810609,-0.7110378,-0.36652982,0.031623796,0.6029147,0.4741039,-0.59547335,-0.6576316,0.2680558,0.3592884,-0.33940306,0.010536446,-0.7606251,-0.8007597,1.0696044,0.88089347,-1.0197616,-1.1125605,0.12592603,0.09591253,-0.72720027,-0.91129833,-0.25391817,-0.29304016,0.5148229,0.087646626,-0.11361922,-0.045564424,-0.43002334,-0.3317957,-0.6740075,-0.5246558,0.20309946,0.0865525,0.043804985,-0.44329867,-1.1119668,-1.1461821
20260912_BOU_BRE,2026-09-12,BOU,BRE,0.7579445,0.74654377,0.67078906,0.66714823,-0.10222578,0.19106185,0.98671466,0.9214861,-0.57596594,-0.4640289,-0.18733734,-0.06924249,-0.5188826,-0.46573412,-0.5648263,-0.60682476,-0.45900607,-0.42309788,-1.0552922,-0.8856057,-0.31634903,-0.32379273,0.37547642,0.3264234,0.9402367,0.8774253,-0.60383046,-0.4564183,0.12723716,0.28944978,0.44085553,0.40830466,-0.63740987,-0.5793538,0.37202233,0.39404905,0.09211677,0.21365452,-0.7314498,-0.6738344,0.8073528,0.6935199,-1.0493003,-0.96348655,0.06025893,-0.029288927,-0.87010884,-0.8500634,-0.31045607,-0.35654983,0.005035307,-0.13999298,-0.05391337,-0.08439274,-0.2893765,-0.27486646,-0.4852546,-0.36986634,0.06792026,0.03957188,-0.51016426,-0.59971863,-1.0847102,-1.0318748
20260912_TOT_EVE,2026-09-12,TOT,EVE,0.98640954,0.7502899,1.1078031,0.677228,-2.1378276,0.34068906,0.70850766,0.91420203,-0.98638684,-0.42626262,-1.028077,-0.011975437,-0.87060153,-0.45201775,-0.34407064,-0.64075273,-0.6699031,-0.40846378,-1.9311433,-0.82284045,-0.59172904,-0.3400315,1.0552454,0.31678298,0.98202246,0.86678207,-1.4743998,-0.4099888,-0.9793096,0.37146738,1.0226414,0.38766724,-0.5715819,-0.5473458,0.18225785,0.4091202,-1.1754749,0.23435241,-0.9279115,-0.6845966,1.5244092,0.6462184,-1.1272668,-0.94901794,0.19003579,-0.057697255,-0.6817768,-0.8772334,-0.30797836,-0.3852089,1.2436981,-0.19684628,-0.44695246,-0.12086882,-0.69188017,-0.2718938,-1.1113535,-0.33533823,0.28895357,0.0024445388,0.98778045,-0.63342404,-1.3132402,-1.0307463
20260912_SUN_ARS,2026-09-12,SUN,ARS,0.7619078,0.8513424,0.6834674,0.9947732,0.2752238,-1.8759335,0.9431963,0.65856785,-0.4684555,-0.83568394,-0.04567436,-0.9236663,-0.47141424,-0.7556942,-0.6428494,-0.27087772,-0.4214537,-0.5505532,-0.88469,-1.6642153,-0.34252983,-0.522624,0.33395085,0.8534541,0.8978169,0.8772157,-0.44936937,-1.3076742,0.3388462,-0.8384051,0.395927,0.89362204,-0.57893854,-0.5211702,0.4051913,0.18208712,0.21568562,-0.9982278,-0.7085407,-0.7861047,0.6870304,1.3520635,-0.9942019,-1.0188507,-0.03003496,0.16979904,-0.9005143,-0.56878567,-0.3765887,-0.25588495,-0.1739044,1.1328696,-0.10152449,-0.3544527,-0.27910796,-0.62306815,-0.36883026,-1.0011059,0.008914311,0.2972648,-0.633314,0.828604,-1.0567746,-1.1370213
20260912_M05_SGE,2026-09-12,M05,SGE,0.75412816,0.8060644,0.67279035,0.68879706,0.27877554,-0.29538232,0.93028516,0.9861862,-0.45077616,-0.6207054,-0.038291965,-0.26154798,-0.46049258,-0.57207686,-0.6283686,-0.5710246,-0.41821918,-0.5125494,-0.8619699,-1.1558881,-0.33619234,-0.32813418,0.3297862,0.45756528,0.888272,0.9828442,-0.4293038,-0.71109957,0.3329847,0.0072408845,0.3949882,0.49280664,-0.5618843,-0.65570855,0.40788007,0.36005333,0.21936871,0.021441683,-0.6942838,-0.76869786,0.6629458,0.9051805,-0.97223246,-1.0752432,-0.043382835,0.07165713,-0.8875365,-0.87563914,-0.3783373,-0.3087202,-0.17031619,0.09059607,-0.10632343,-0.057663083,-0.28159618,-0.3156918,-0.35519764,-0.511779,0.019763643,0.10914419,-0.6316233,-0.41653535,-1.041277,-1.1360552
20260912_KOE_SVW,2026-09-12,KOE,SVW,0.7433177,0.75421363,0.6453921,0.66476876,0.02081543,0.11521031,0.95210314,0.962476,-0.51243806,-0.5131296,-0.14467618,-0.09016725,-0.49575862,-0.48902774,-0.56881726,-0.6019886,-0.4484703,-0.4376737,-0.9714265,-0.9470536,-0.32529223,-0.32866436,0.36287302,0.35179576,0.91321355,0.90791255,-0.5399765,-0.5030622,0.18374625,0.24561438,0.414242,0.4083158,-0.5961933,-0.5954259,0.37870014,0.39484775,0.1523054,0.16041519,-0.7019562,-0.7171409,0.7445854,0.73065287,-1.003537,-1.0143162,0.017557627,0.012902518,-0.8702096,-0.88776386,-0.33737984,-0.3399037,-0.05193,-0.09513139,-0.057473145,-0.07624714,-0.30014405,-0.28884602,-0.4115762,-0.40341434,0.07285039,0.035864048,-0.5649966,-0.59397066,-1.0509369,-1.072395
20260913_RBL_HSV,2026-09-13,RBL,HSV,0.89427257,0.7233656,0.8160505,0.68498266,-1.2066724,0.5871144,0.89334077,0.8198748,-0.7838427,-0.28326565,-0.6382174,0.10062466,-0.7034498,-0.37967458,-0.44860265,-0.63913804,-0.62482905,-0.36816764,-1.5260842,-0.6413557,-0.40168893,-0.3552174,0.703353,0.2670795,1.0180681,0.78741866,-1.1530207,-0.31701794,-0.5145881,0.480742,0.7203006,0.36521778,-0.6359326,-0.44111907,0.2610378,0.39006883,-0.49823672,0.22301902,-0.8657652,-0.6795841,1.2432127,0.52535486,-1.0888255,-0.7854328,0.13805115,-0.15043196,-0.79640216,-0.83396983,-0.2809717,-0.41914895,0.6443516,-0.26083213,-0.19282557,-0.22609136,-0.4787251,-0.26752508,-0.7856389,-0.2126303,0.21250737,-0.06547824,0.2119649,-0.5927399,-1.2342218,-0.9348246
20260913_LOS_TRO,2026-09-13,LOS,TRO,0.73983306,0.72981894,0.68013024,0.6861933,0.42210662,0.51129633,0.901746,0.8529535,-0.39363143,-0.3345964,0.022157926,0.049875457,-0.43623587,-0.4031951,-0.6401706,-0.6443419,-0.3915945,-0.37908196,-0.7800383,-0.7024274,-0.3467246,-0.35256064,0.3006363,0.27598226,0.8569078,0.8213686,-0.37456903,-0.3465597,0.4099923,0.4535838,0.37227294,0.37123165,-0.5181104,-0.48469508,0.41250134,0.39604017,0.23165089,0.24361323,-0.6890066,-0.67187846,0.60670805,0.56402117,-0.92253363,-0.85013264,-0.07650052,-0.12180468,-0.88009226,-0.84891635,-0.40114334,-0.40932962,-0.21708816,-0.24567333,-0.14693607,-0.18285193,-0.27716503,-0.26480973,-0.31188306,-0.2670915,-0.02268327,-0.03362479,-0.64124995,-0.61952204,-1.0086622,-0.960259
20260913_SAS_JUV,2026-09-13,SAS,JUV,0.78651375,0.74823356,0.6814969,0.69171834,0.09825265,0.40779194,0.9634004,0.9014422,-0.5243743,-0.4026121,-0.11739294,0.011829317,-0.50651085,-0.43897724,-0.63042575,-0.6489204,-0.45136416,-0.39904815,-0.98972285,-0.79455256,-0.34154415,-0.3455788,0.3773668,0.30528638,0.9365297,0.8642089,-0.52363545,-0.38593277,0.23489434,0.40615374,0.4267053,0.3824935,-0.6206556,-0.5336644,0.40129328,0.4071283,0.18905634,0.2325791,-0.7196854,-0.69445735,0.7718742,0.6229478,-1.0329912,-0.9289988,-0.00080570555,-0.07927953,-0.90198094,-0.8804079,-0.3661578,-0.3954926,-0.11278062,-0.21699467,-0.071215026,-0.14032388,-0.2899799,-0.27616793,-0.40985018,-0.31959692,0.04977759,-0.016010892,-0.59779143,-0.637379,-1.0909284,-1.0166477
20260913_NAP_BOL,2026-09-13,NAP,BOL,0.7496534,0.71243995,0.6666706,0.6573526,0.13816,0.39690503,0.9377562,0.8651711,-0.47665465,-0.3682466,-0.09079641,0.012961735,-0.47272137,-0.4135848,-0.6046886,-0.60634005,-0.42077821,-0.3817813,-0.9152735,-0.741267,-0.32436308,-0.3359935,0.3282909,0.2754416,0.89834404,0.81614226,-0.48072928,-0.368429,0.2579938,0.39640012,0.41878378,0.36878005,-0.59340453,-0.5046288,0.39464793,0.38691553,0.20698135,0.23313615,-0.6749748,-0.6513266,0.72005177,0.5903179,-0.9764236,-0.8728743,-0.013112276,-0.08050661,-0.85080814,-0.82693,-0.35147324,-0.37808257,-0.12029854,-0.20399448,-0.07162911,-0.13388692,-0.2727303,-0.26744157,-0.3928719,-0.28932047,0.04290845,-0.008860296,-0.5892241,-0.61473167,-1.0336319,-0.9579239
20260913_COV_BHA,2026-09-13,COV,BHA,0.725313,0.7634343,0.6932086,0.691572,0.6452898,0.32989103,0.814629,0.9437765,-0.2601917,-0.45668066,0.1147303,-0.017113775,-0.37468344,-0.4711412,-0.65444,-0.65314496,-0.36770326,-0.4150788,-0.61680466,-0.87065613,-0.3664376,-0.35146692,0.25908267,0.336762,0.79026234,0.89488316,-0.3183282,-0.42433718,0.50381535,0.36934543,0.36201683,0.3894015,-0.4230234,-0.56696063,0.38904828,0.41809914,0.21897876,0.21689965,-0.69214195,-0.72457594,0.5097385,0.6689131,-0.7696974,-0.99418724,-0.16647798,-0.042259905,-0.8458795,-0.91422886,-0.43352,-0.38701633,-0.26866487,-0.19234975,-0.25627977,-0.118032694,-0.2691044,-0.28889963,-0.20563132,-0.35342604,-0.08542612,-0.0026523492,-0.5847441,-0.64954364,-0.9280745,-1.0618793
20260913_MUN_MCI,2026-09-13,MUN,MCI,0.8194787,0.71075195,0.6920542,0.67131555,-0.26189154,0.47521457,1.0149175,0.8474109,-0.6349361,-0.33751792,-0.24417028,0.040379766,-0.5872782,-0.39370573,-0.57944995,-0.61495006,-0.5349654,-0.36868787,-1.1700433,-0.701093,-0.31882977,-0.34400558,0.47079334,0.2583679,1.0031776,0.810302,-0.6961939,-0.33894712,0.028196469,0.4329674,0.48090926,0.36613783,-0.6571345,-0.48680413,0.3684589,0.38823697,0.02049407,0.23566803,-0.80334574,-0.6548815,0.8916555,0.55667496,-1.1046625,-0.8401065,0.06750737,-0.10919233,-0.9116226,-0.8265953,-0.31245908,-0.39243418,0.074604236,-0.22439697,-0.057274383,-0.16717055,-0.33269945,-0.26533246,-0.5154067,-0.27568612,0.10252603,-0.025219003,-0.45192638,-0.61571884,-1.1741846,-0.93723464
20260913_RSO_ATM,2026-09-13,RSO,ATM,0.69909054,0.72127545,0.6658912,0.6513086,0.54070324,0.24267153,0.84445614,0.93586177,-0.30563506,-0.45512426,0.06505026,-0.0431193,-0.39382187,-0.44737864,-0.6162725,-0.59631807,-0.36716914,-0.3985174,-0.6666193,-0.8597766,-0.3524576,-0.33565998,0.25377297,0.3039689,0.79610264,0.8681619,-0.33967355,-0.44105914,0.45718515,0.3179699,0.34724584,0.38349593,-0.45184115,-0.56038445,0.38669866,0.3978314,0.22060208,0.19929564,-0.67200565,-0.68874794,0.52210295,0.66044754,-0.8234105,-0.9656094,-0.111828156,-0.011053762,-0.8485069,-0.8710842,-0.40799654,-0.3510007,-0.22531882,-0.14088966,-0.1921438,-0.09184157,-0.28162906,-0.27910495,-0.25610483,-0.36266607,-0.055730227,0.012858735,-0.6091898,-0.6224439,-0.932613,-1.0132905
20260913_GET_DEP,2026-09-13,GET,DEP,0.70546657,0.7313309,0.6733997,0.6820033,0.4674335,0.45499477,0.8662842,0.8649537,-0.34510472,-0.362038,0.030540118,0.025001708,-0.41157922,-0.4188201,-0.6094886,-0.63458997,-0.37445283,-0.38596743,-0.72513163,-0.74056214,-0.34322873,-0.35125494,0.26816106,0.2928122,0.82125825,0.83019465,-0.35244945,-0.3612949,0.42535183,0.4251927,0.35593265,0.37069482,-0.4888923,-0.5028066,0.3942312,0.39925116,0.2326249,0.24275453,-0.67299396,-0.6735102,0.5514043,0.5834706,-0.86472434,-0.877993,-0.09719429,-0.1058165,-0.8552539,-0.8567996,-0.40233245,-0.40346503,-0.2112787,-0.22775441,-0.16022663,-0.16272102,-0.28631553,-0.27101392,-0.29490855,-0.28637093,-0.02533119,-0.011211089,-0.6276119,-0.62952775,-0.95580596,-0.97678626
20260913_LEV_FCB,2026-09-13,LEV,FCB,0.7291928,0.73525083,0.70072216,0.651627,0.64077646,0.09586049,0.829381,0.9508165,-0.26900566,-0.51225275,0.11400761,-0.07220036,-0.39373386,-0.48104295,-0.66317075,-0.58319104,-0.3727985,-0.43862826,-0.63528705,-0.9263664,-0.3677465,-0.32561255,0.27150825,0.34586176,0.80480736,0.88435143,-0.32398617,-0.5057685,0.4988122,0.23489296,0.35649627,0.39723632,-0.4298204,-0.57785755,0.3998227,0.38532206,0.21734956,0.1237898,-0.7035512,-0.7247585,0.5145404,0.71771216,-0.79009694,-0.9913974,-0.15747897,0.026087128,-0.86661196,-0.8749495,-0.44065306,-0.3126656,-0.26411274,-0.06581272,-0.2502277,-0.07448396,-0.2786227,-0.29098246,-0.22389135,-0.3872492,-0.08880825,0.031539734,-0.59639776,-0.5782247,-0.95298165,-1.0641435
20260913_CEL_MAL,2026-09-13,CEL,MAL,0.7289086,0.75164515,0.65347195,0.6983744,0.19773102,0.50884473,0.9369605,0.8716052,-0.4708172,-0.3589997,-0.059855167,0.061879583,-0.45443302,-0.4177355,-0.5942975,-0.6681177,-0.40285248,-0.38330904,-0.88633096,-0.73159695,-0.3377175,-0.3617111,0.31514588,0.2966514,0.87047815,0.83720297,-0.4618522,-0.35141623,0.29359087,0.45555395,0.3939868,0.3777259,-0.5755328,-0.50163025,0.3946835,0.41495693,0.18871933,0.23879609,-0.6936173,-0.6979163,0.6875702,0.591082,-0.97405547,-0.88169533,-0.0023384376,-0.114156775,-0.8668986,-0.8751326,-0.34229305,-0.41045958,-0.12645306,-0.24909018,-0.0871765,-0.18766814,-0.27929372,-0.26918623,-0.36972272,-0.27687567,0.023792485,-0.03580493,-0.60966235,-0.6368395,-1.0226192,-1.0037332
20260913_LEM_RCL,2026-09-13,LEM,RCL,0.726017,0.7300609,0.66541505,0.68803364,0.37124982,0.54734904,0.89495003,0.838609,-0.39710674,-0.3124191,-0.0102459565,0.06687099,-0.43574327,-0.39475745,-0.61764413,-0.6455854,-0.3983153,-0.37290776,-0.78477776,-0.6762516,-0.33950707,-0.35414883,0.30208468,0.2707143,0.8456269,0.80981195,-0.39607492,-0.33200896,0.3828156,0.4695462,0.3724393,0.37004438,-0.5222701,-0.46915808,0.39546448,0.39436483,0.23361906,0.24481963,-0.67353016,-0.6699174,0.60850614,0.54955,-0.9200958,-0.8247293,-0.06952244,-0.13745318,-0.86614376,-0.83935124,-0.38681763,-0.41682503,-0.19605874,-0.25808308,-0.12874901,-0.20175701,-0.27703577,-0.26220757,-0.3163502,-0.2487146,0.0043556173,-0.043480836,-0.6293395,-0.61159116,-0.99301195,-0.9493326
20260913_ELV_FCB,2026-09-13,ELV,FCB,0.72729087,0.7942688,0.6885391,0.6829261,0.5941075,-0.23109938,0.83323234,0.97023946,-0.2913709,-0.593027,0.089116886,-0.23133814,-0.3886057,-0.5613103,-0.6510568,-0.5697763,-0.3718671,-0.515507,-0.65111035,-1.1084837,-0.36191106,-0.31102848,0.267863,0.43927673,0.8039586,0.9572032,-0.32806918,-0.66685754,0.48597488,0.047143143,0.36332387,0.47980314,-0.44719213,-0.6390038,0.39434594,0.36211994,0.23020206,0.06033531,-0.68506837,-0.74188995,0.5298385,0.8621174,-0.8076462,-1.0477036,-0.14668706,0.047770828,-0.8510758,-0.86023366,-0.42439574,-0.31320614,-0.2603918,0.056206796,-0.22572383,-0.053016637,-0.26929379,-0.31156412,-0.23145851,-0.48977253,-0.062971026,0.1060059,-0.604328,-0.4415137,-0.94419074,-1.1252109
20260913_LEC_MON,2026-09-13,LEC,MON,0.72906005,0.7216138,0.6786465,0.6822766,0.4537861,0.5217388,0.8684026,0.84570706,-0.3593527,-0.32412827,0.020586142,0.06269828,-0.41887268,-0.39831716,-0.6366928,-0.6328698,-0.37932497,-0.3736269,-0.74127936,-0.68778056,-0.35385507,-0.35042167,0.28329948,0.26892823,0.8355467,0.80854267,-0.3625996,-0.3361015,0.42363754,0.4556797,0.37042195,0.3640441,-0.5062364,-0.4738097,0.40188482,0.3926337,0.2527386,0.23127037,-0.6653015,-0.6733571,0.58457494,0.54964936,-0.8780784,-0.8331621,-0.100306034,-0.12159991,-0.854115,-0.84258324,-0.40563285,-0.4053119,-0.22795485,-0.24009985,-0.15728,-0.18949264,-0.26711696,-0.26929396,-0.2957058,-0.2601382,-0.013928184,-0.042288147,-0.6331187,-0.6151515,-0.969255,-0.9547009
20260913_SB29_PSG,2026-09-13,SB29,PSG,0.76985747,0.972556,0.6830111,1.2404153,0.24996015,-2.546904,0.9467866,0.53037244,-0.48223665,-1.0044913,-0.049489945,-1.2478412,-0.4817856,-0.8901872,-0.6440506,-0.2683234,-0.43662956,-0.61308116,-0.89901036,-2.0472548,-0.34103823,-0.71910197,0.35382855,1.1602911,0.90297604,0.8913641,-0.45724988,-1.5841365,0.32246366,-1.1782031,0.3998936,1.1706568,-0.5801417,-0.514559,0.40886563,0.13024461,0.20650972,-1.441081,-0.71637714,-0.82558894,0.6937285,1.6267643,-1.0043164,-1.0586993,-0.029327229,0.19172603,-0.90974003,-0.55148727,-0.3752393,-0.3460713,-0.16235156,1.5197109,-0.10265347,-0.5612184,-0.28421178,-0.7790141,-0.37078735,-1.2627984,0.0214973,0.32404584,-0.63227403,1.3847147,-1.0767617,-1.2299511
20260914_LEE_NEW,2026-09-14,LEE,NEW,0.8102425,0.85583526,0.72897404,0.7293084,-0.66247153,-0.6141627,0.9324768,1.0099732,-0.6785662,-0.7153873,-0.39822978,-0.38241223,-0.6008114,-0.6286148,-0.49594855,-0.53455555,-0.53561807,-0.555193,-1.2695318,-1.3350322,-0.3332641,-0.3411445,0.49943572,0.5366564,0.9690917,1.0259262,-0.8688993,-0.8669783,-0.20280375,-0.16684392,0.57371926,0.5646536,-0.65647227,-0.6858335,0.31064194,0.33758858,-0.17753503,-0.15567295,-0.76827115,-0.844092,1.0241311,1.0418392,-1.0575081,-1.1267583,0.11900678,0.12361045,-0.7925658,-0.87476444,-0.27175626,-0.28471547,0.32133433,0.2649968,-0.08559307,-0.08531484,-0.36845985,-0.36428657,-0.6095772,-0.62734085,0.1448362,0.12803143,-0.15654077,-0.23534687,-1.1380107,-1.204028
20260914_COM_PAR,2026-09-14,COM,PAR,0.76107776,0.7369576,0.6843359,0.66253257,0.24760109,0.22883737,0.9774498,0.8938508,-0.49576145,-0.43297166,-0.038131565,-0.06790601,-0.48510757,-0.45300287,-0.63102376,-0.6025545,-0.4355558,-0.40754452,-0.917678,-0.8495782,-0.33785364,-0.33183068,0.35501108,0.31601906,0.9064821,0.8696607,-0.46433625,-0.4328806,0.32394952,0.30246547,0.39568728,0.39636984,-0.5822689,-0.5624355,0.4084403,0.39130032,0.17393658,0.23813336,-0.75486547,-0.65011805,0.6907849,0.6708885,-1.0305487,-0.92850024,-0.00776756,-0.054065417,-0.93501943,-0.83456665,-0.35974306,-0.37296793,-0.14807265,-0.15665364,-0.1042925,-0.09286513,-0.30665487,-0.26697972,-0.37931693,-0.3528246,0.0054804683,0.048302498,-0.6368622,-0.61046934,-1.0949312,-0.99736583
20260914_TOR_ROM,2026-09-14,TOR,ROM,0.7188273,0.7306189,0.6714827,0.65326196,0.48820192,0.1717505,0.8526031,0.9204057,-0.33343765,-0.45652613,0.05236946,-0.0856557,-0.40211242,-0.46806458,-0.6215545,-0.58192116,-0.3755959,-0.42281994,-0.70061064,-0.88253427,-0.34201926,-0.31982058,0.2709491,0.32388738,0.80651945,0.87308526,-0.33939582,-0.46691972,0.44043785,0.2742681,0.36653924,0.3927014,-0.47969523,-0.567311,0.39456642,0.37962076,0.23767558,0.19692542,-0.6649116,-0.67567974,0.55532926,0.68049526,-0.8440085,-0.9619868,-0.1114307,-0.018899046,-0.83610517,-0.84815514,-0.4003686,-0.35112306,-0.23338461,-0.1213748,-0.1737903,-0.07037153,-0.27141064,-0.28853822,-0.2642247,-0.36759627,-0.031159805,0.04103976,-0.6157282,-0.5893244,-0.95571953,-1.0127448
20260914_INT_UDI,2026-09-14,INT,UDI,0.7337853,0.7211381,0.6753201,0.69182426,0.42238522,0.60845697,0.86730075,0.8297525,-0.3766762,-0.2854243,0.025918035,0.097348966,-0.41830498,-0.38855287,-0.63224024,-0.6508546,-0.38010904,-0.36554357,-0.75533193,-0.6456786,-0.35237828,-0.3664462,0.2886134,0.2612191,0.8244658,0.80427,-0.36404762,-0.32389638,0.4125258,0.4882595,0.37640765,0.35528287,-0.51701975,-0.44213593,0.40201443,0.3960859,0.23769592,0.22271779,-0.67216516,-0.6884226,0.6049495,0.5229629,-0.88464975,-0.7998715,-0.08859085,-0.1453824,-0.84647024,-0.854825,-0.38769546,-0.4284911,-0.21800734,-0.25503916,-0.14855582,-0.23130547,-0.2713286,-0.27238125,-0.28898734,-0.2354304,-0.010202762,-0.07441105,-0.62915546,-0.60525703,-0.9826834,-0.93995064
20260914_VIL_BET,2026-09-14,VIL,BET,0.7795114,0.72502697,0.69974697,0.6560115,-0.65475607,0.294584,0.96680367,0.92156637,-0.6782279,-0.43768224,-0.42327076,-0.01316068,-0.5849849,-0.45149335,-0.44733125,-0.6019691,-0.501557,-0.40679124,-1.2902328,-0.82364875,-0.341752,-0.33024824,0.47705293,0.31128854,0.9801041,0.8583764,-0.8538335,-0.409649,-0.1943,0.34080344,0.5392816,0.37081128,-0.66299975,-0.5358768,0.31138837,0.40189242,-0.18090008,0.19696768,-0.7967455,-0.68774736,0.9968163,0.6287952,-1.0677563,-0.94463825,0.13193186,-0.03230357,-0.81558144,-0.8717697,-0.26724496,-0.36309686,0.32340968,-0.15697953,-0.0818536,-0.112055294,-0.3785967,-0.2805028,-0.6357509,-0.3432371,0.15396006,0.0051995036,-0.21175954,-0.629658,-1.1113331,-1.0232264
