round,week,day,date,time,home_team,score,away_team,attendance,venue,referee,match_report,notes,game_id
Bundesliga,1,Fri,2024-08-23,20:30,Gladbach,2–3,Leverkusen,54042,Stadion im Borussia-Park,Robert Schröder,/en/matches/d42e53df/Monchengladbach-Leverkusen-August-23-2024-Bundesliga,,d42e53df
Bundesliga,1,Sat,2024-08-24,15:30,Augsburg,2–2,Werder Bremen,30660,WWK Arena,Sascha Stegemann,/en/matches/967de8db/Augsburg-Werder-Bremen-August-24-2024-Bundesliga,,967de8db
Bundesliga,1,Sat,2024-08-24,18:30,Dortmund,2–0,Eintracht Frankfurt,81365,Signal Iduna Park,Felix Zwayer,/en/matches/3750f4ea/Dortmund-Eintracht-Frankfurt-August-24-2024-Bundesliga,,3750f4ea
Bundesliga,1,Sat,2024-08-24,15:30,Freiburg,3–1,Stuttgart,34700,Europa-Park Stadion,Tobias Welz,/en/matches/a64e4ea4/Freiburg-Stuttgart-August-24-2024-Bundesliga,,a64e4ea4
Bundesliga,1,Sat,2024-08-24,15:30,Hoffenheim,3–2,Holstein Kiel,18503,PreZero Arena,Tobias Stieler,/en/matches/b549a198/Hoffenheim-Holstein-Kiel-August-24-2024-Bundesliga,,b549a198
Bundesliga,1,Sat,2024-08-24,15:30,Mainz 05,1–1,Union Berlin,31500,Mewa Arena,Harm Osmers,/en/matches/02dc2f7e/Mainz-05-Union-Berlin-August-24-2024-Bundesliga,,02dc2f7e
Bundesliga,1,Sat,2024-08-24,15:30,RB Leipzig,1–0,Bochum,44611,Red Bull Arena,Benjamin Brand,/en/matches/cd173a0a/RB-Leipzig-Bochum-August-24-2024-Bundesliga,,cd173a0a
Bundesliga,1,Sun,2024-08-25,17:30,St Pauli,0–2,Heidenheim,29157,Millerntor-Stadion,Sven Jablonski,/en/matches/26a137cc/St-Pauli-Heidenheim-August-25-2024-Bundesliga,,26a137cc
Bundesliga,1,Sun,2024-08-25,15:30,Wolfsburg,2–3,Bayern Munich,30000,Volkswagen Arena,Daniel Siebert,/en/matches/48886f11/Wolfsburg-Bayern-Munich-August-25-2024-Bundesliga,,48886f11
Bundesliga,2,Fri,2024-08-30,20:30,Union Berlin,1–0,St Pauli,22012,Stadion An der Alten Försterei,Bastian Dankert,/en/matches/ce5d1374/Union-Berlin-St-Pauli-August-30-2024-Bundesliga,,ce5d1374
Bundesliga,2,Sat,2024-08-31,15:30,Bochum,0–2,Gladbach,26000,Vonovia Ruhrstadion,Sören Storks,/en/matches/d31a8f27/Bochum-Monchengladbach-August-31-2024-Bundesliga,,d31a8f27
Bundesliga,2,Sat,2024-08-31,15:30,Eintracht Frankfurt,3–1,Hoffenheim,57100,Deutsche Bank Park,Florian Badstübner,/en/matches/20afc3a6/Eintracht-Frankfurt-Hoffenheim-August-31-2024-Bundesliga,,20afc3a6
Bundesliga,2,Sat,2024-08-31,15:30,Holstein Kiel,0–2,Wolfsburg,15034,Holstein-Stadion,Florian Exner,/en/matches/7e2bdec0/Holstein-Kiel-Wolfsburg-August-31-2024-Bundesliga,,7e2bdec0
Bundesliga,2,Sat,2024-08-31,18:30,Leverkusen,2–3,RB Leipzig,29615,BayArena,Matthias Jöllenbeck,/en/matches/20df1da5/Leverkusen-RB-Leipzig-August-31-2024-Bundesliga,,20df1da5
Bundesliga,2,Sat,2024-08-31,15:30,Stuttgart,3–3,Mainz 05,59000,MHPArena,Timo Gerach,/en/matches/378509f5/Stuttgart-Mainz-05-August-31-2024-Bundesliga,,378509f5
Bundesliga,2,Sat,2024-08-31,15:30,Werder Bremen,0–0,Dortmund,42100,Weserstadion,Robert Hartmann,/en/matches/0f6a93b4/Werder-Bremen-Dortmund-August-31-2024-Bundesliga,,0f6a93b4
Bundesliga,2,Sun,2024-09-01,17:30,Bayern Munich,2–0,Freiburg,75000,Allianz Arena,Christian Dingert,/en/matches/c11acc1b/Bayern-Munich-Freiburg-September-1-2024-Bundesliga,,c11acc1b
Bundesliga,2,Sun,2024-09-01,15:30,Heidenheim,4–0,Augsburg,15000,Voith-Arena,Martin Petersen,/en/matches/19bab96c/Heidenheim-Augsburg-September-1-2024-Bundesliga,,19bab96c
Bundesliga,3,Fri,2024-09-13,20:30,Dortmund,4–2,Heidenheim,81365,Signal Iduna Park,Robert Schröder,/en/matches/c19c18dc/Dortmund-Heidenheim-September-13-2024-Bundesliga,,c19c18dc
Bundesliga,3,Sat,2024-09-14,15:30,Freiburg,2–1,Bochum,34100,Europa-Park Stadion,Daniel Siebert,/en/matches/5ad7fdc3/Freiburg-Bochum-September-14-2024-Bundesliga,,5ad7fdc3
Bundesliga,3,Sat,2024-09-14,15:30,Gladbach,1–3,Stuttgart,53756,Stadion im Borussia-Park,Felix Brych,/en/matches/571e17c9/Monchengladbach-Stuttgart-September-14-2024-Bundesliga,,571e17c9
Bundesliga,3,Sat,2024-09-14,15:30,Hoffenheim,1–4,Leverkusen,30150,PreZero Arena,Daniel Schlager,/en/matches/e7b9f373/Hoffenheim-Leverkusen-September-14-2024-Bundesliga,,e7b9f373
Bundesliga,3,Sat,2024-09-14,18:30,Holstein Kiel,1–6,Bayern Munich,15034,Holstein-Stadion,Tobias Reichel,/en/matches/728afee1/Holstein-Kiel-Bayern-Munich-September-14-2024-Bundesliga,,728afee1
Bundesliga,3,Sat,2024-09-14,15:30,RB Leipzig,0–0,Union Berlin,47800,Red Bull Arena,Sven Jablonski,/en/matches/5496aa43/RB-Leipzig-Union-Berlin-September-14-2024-Bundesliga,,5496aa43
Bundesliga,3,Sat,2024-09-14,15:30,Wolfsburg,1–2,Eintracht Frankfurt,26281,Volkswagen Arena,Harm Osmers,/en/matches/c0bc9354/Wolfsburg-Eintracht-Frankfurt-September-14-2024-Bundesliga,,c0bc9354
Bundesliga,3,Sun,2024-09-15,15:30,Augsburg,3–1,St Pauli,30660,WWK Arena,Felix Zwayer,/en/matches/d0ee2c59/Augsburg-St-Pauli-September-15-2024-Bundesliga,,d0ee2c59
Bundesliga,3,Sun,2024-09-15,17:30,Mainz 05,1–2,Werder Bremen,32000,Mewa Arena,Benjamin Brand,/en/matches/253ece9e/Mainz-05-Werder-Bremen-September-15-2024-Bundesliga,,253ece9e
Bundesliga,4,Fri,2024-09-20,20:30,Augsburg,2–3,Mainz 05,28913,WWK Arena,Sören Storks,/en/matches/72461171/Augsburg-Mainz-05-September-20-2024-Bundesliga,,72461171
Bundesliga,4,Sat,2024-09-21,15:30,Bochum,2–2,Holstein Kiel,26000,Vonovia Ruhrstadion,Martin Petersen,/en/matches/b8e02820/Bochum-Holstein-Kiel-September-21-2024-Bundesliga,,b8e02820
Bundesliga,4,Sat,2024-09-21,18:30,Eintracht Frankfurt,2–0,Gladbach,58000,Deutsche Bank Park,Tobias Welz,/en/matches/71024b44/Eintracht-Frankfurt-Monchengladbach-September-21-2024-Bundesliga,,71024b44
Bundesliga,4,Sat,2024-09-21,15:30,Heidenheim,0–3,Freiburg,15000,Voith-Arena,Benjamin Brand,/en/matches/157d560f/Heidenheim-Freiburg-September-21-2024-Bundesliga,,157d560f
Bundesliga,4,Sat,2024-09-21,15:30,Union Berlin,2–1,Hoffenheim,21831,Stadion An der Alten Försterei,Matthias Jöllenbeck,/en/matches/204b5cf0/Union-Berlin-Hoffenheim-September-21-2024-Bundesliga,,204b5cf0
Bundesliga,4,Sat,2024-09-21,15:30,Werder Bremen,0–5,Bayern Munich,42100,Weserstadion,Bastian Dankert,/en/matches/f4a4421c/Werder-Bremen-Bayern-Munich-September-21-2024-Bundesliga,,f4a4421c
Bundesliga,4,Sun,2024-09-22,15:30,Leverkusen,4–3,Wolfsburg,29250,BayArena,Sascha Stegemann,/en/matches/f247334b/Leverkusen-Wolfsburg-September-22-2024-Bundesliga,,f247334b
Bundesliga,4,Sun,2024-09-22,19:30,St Pauli,0–0,RB Leipzig,29251,Millerntor-Stadion,Robert Hartmann,/en/matches/4e23f1b6/St-Pauli-RB-Leipzig-September-22-2024-Bundesliga,,4e23f1b6
Bundesliga,4,Sun,2024-09-22,17:30,Stuttgart,5–1,Dortmund,60000,MHPArena,Florian Badstübner,/en/matches/ddfcf507/Stuttgart-Dortmund-September-22-2024-Bundesliga,,ddfcf507
Bundesliga,5,Fri,2024-09-27,20:30,Dortmund,4–2,Bochum,81365,Signal Iduna Park,Felix Brych,/en/matches/bf284236/Dortmund-Bochum-September-27-2024-Bundesliga,,bf284236
Bundesliga,5,Sat,2024-09-28,18:30,Bayern Munich,1–1,Leverkusen,75000,Allianz Arena,Felix Zwayer,/en/matches/ea3571c5/Bayern-Munich-Leverkusen-September-28-2024-Bundesliga,,ea3571c5
Bundesliga,5,Sat,2024-09-28,15:30,Freiburg,0–3,St Pauli,34700,Europa-Park Stadion,Timo Gerach,/en/matches/c2910931/Freiburg-St-Pauli-September-28-2024-Bundesliga,,c2910931
Bundesliga,5,Sat,2024-09-28,15:30,Gladbach,1–0,Union Berlin,53056,Stadion im Borussia-Park,Daniel Schlager,/en/matches/a1a2f716/Monchengladbach-Union-Berlin-September-28-2024-Bundesliga,,a1a2f716
Bundesliga,5,Sat,2024-09-28,15:30,Mainz 05,0–2,Heidenheim,31500,Mewa Arena,Florian Exner,/en/matches/fc9efe43/Mainz-05-Heidenheim-September-28-2024-Bundesliga,,fc9efe43
Bundesliga,5,Sat,2024-09-28,15:30,RB Leipzig,4–0,Augsburg,44407,Red Bull Arena,Daniel Siebert,/en/matches/98d6a4cb/RB-Leipzig-Augsburg-September-28-2024-Bundesliga,,98d6a4cb
Bundesliga,5,Sat,2024-09-28,15:30,Wolfsburg,2–2,Stuttgart,27135,Volkswagen Arena,Sven Jablonski,/en/matches/d72309cf/Wolfsburg-Stuttgart-September-28-2024-Bundesliga,,d72309cf
Bundesliga,5,Sun,2024-09-29,17:30,Hoffenheim,3–4,Werder Bremen,26018,PreZero Arena,Tobias Reichel,/en/matches/a0e9bb68/Hoffenheim-Werder-Bremen-September-29-2024-Bundesliga,,a0e9bb68
Bundesliga,5,Sun,2024-09-29,15:30,Holstein Kiel,2–4,Eintracht Frankfurt,15034,Holstein-Stadion,Tobias Stieler,/en/matches/791f7734/Holstein-Kiel-Eintracht-Frankfurt-September-29-2024-Bundesliga,,791f7734
Bundesliga,6,Fri,2024-10-04,20:30,Augsburg,2–1,Gladbach,30660,WWK Arena,Florian Badstübner,/en/matches/dd751497/Augsburg-Monchengladbach-October-4-2024-Bundesliga,,dd751497
Bundesliga,6,Sat,2024-10-05,15:30,Bochum,1–3,Wolfsburg,24630,Vonovia Ruhrstadion,Max Burda,/en/matches/ecd2d8d1/Bochum-Wolfsburg-October-5-2024-Bundesliga,,ecd2d8d1
Bundesliga,6,Sat,2024-10-05,15:30,Leverkusen,2–2,Holstein Kiel,30210,BayArena,Robert Hartmann,/en/matches/cb256282/Leverkusen-Holstein-Kiel-October-5-2024-Bundesliga,,cb256282
Bundesliga,6,Sat,2024-10-05,18:30,St Pauli,0–3,Mainz 05,29546,Millerntor-Stadion,Christian Dingert,/en/matches/48a230e5/St-Pauli-Mainz-05-October-5-2024-Bundesliga,,48a230e5
Bundesliga,6,Sat,2024-10-05,15:30,Union Berlin,2–1,Dortmund,22012,Stadion An der Alten Försterei,Tobias Reichel,/en/matches/5716e53f/Union-Berlin-Dortmund-October-5-2024-Bundesliga,,5716e53f
Bundesliga,6,Sat,2024-10-05,15:30,Werder Bremen,0–1,Freiburg,41200,Weserstadion,Tobias Welz,/en/matches/b6ae6f08/Werder-Bremen-Freiburg-October-5-2024-Bundesliga,,b6ae6f08
Bundesliga,6,Sun,2024-10-06,17:30,Eintracht Frankfurt,3–3,Bayern Munich,58000,Deutsche Bank Park,Benjamin Brand,/en/matches/47b6b5b9/Eintracht-Frankfurt-Bayern-Munich-October-6-2024-Bundesliga,,47b6b5b9
Bundesliga,6,Sun,2024-10-06,15:30,Heidenheim,0–1,RB Leipzig,15000,Voith-Arena,Sascha Stegemann,/en/matches/8f593aee/Heidenheim-RB-Leipzig-October-6-2024-Bundesliga,,8f593aee
Bundesliga,6,Sun,2024-10-06,19:30,Stuttgart,1–1,Hoffenheim,58000,MHPArena,Harm Osmers,/en/matches/122852eb/Stuttgart-Hoffenheim-October-6-2024-Bundesliga,,122852eb
Bundesliga,7,Fri,2024-10-18,20:30,Dortmund,2–1,St Pauli,81365,Signal Iduna Park,Matthias Jöllenbeck,/en/matches/3a6031d4/Dortmund-St-Pauli-October-18-2024-Bundesliga,,3a6031d4
Bundesliga,7,Sat,2024-10-19,18:30,Bayern Munich,4–0,Stuttgart,75000,Allianz Arena,Tobias Stieler,/en/matches/7562a0c2/Bayern-Munich-Stuttgart-October-19-2024-Bundesliga,,7562a0c2
Bundesliga,7,Sat,2024-10-19,15:30,Freiburg,3–1,Augsburg,33500,Europa-Park Stadion,Bastian Dankert,/en/matches/19da909f/Freiburg-Augsburg-October-19-2024-Bundesliga,,19da909f
Bundesliga,7,Sat,2024-10-19,15:30,Gladbach,3–2,Heidenheim,50000,Stadion im Borussia-Park,Daniel Siebert,/en/matches/e0c0a8fe/Monchengladbach-Heidenheim-October-19-2024-Bundesliga,,e0c0a8fe
Bundesliga,7,Sat,2024-10-19,15:30,Hoffenheim,3–1,Bochum,19281,PreZero Arena,Sören Storks,/en/matches/70f3717a/Hoffenheim-Bochum-October-19-2024-Bundesliga,,70f3717a
Bundesliga,7,Sat,2024-10-19,15:30,Leverkusen,2–1,Eintracht Frankfurt,30210,BayArena,Felix Brych,/en/matches/1766e653/Leverkusen-Eintracht-Frankfurt-October-19-2024-Bundesliga,,1766e653
Bundesliga,7,Sat,2024-10-19,15:30,Mainz 05,0–2,RB Leipzig,30100,Mewa Arena,Felix Zwayer,/en/matches/11e680f6/Mainz-05-RB-Leipzig-October-19-2024-Bundesliga,,11e680f6
Bundesliga,7,Sun,2024-10-20,15:30,Holstein Kiel,0–2,Union Berlin,15034,Holstein-Stadion,Timo Gerach,/en/matches/49aa197e/Holstein-Kiel-Union-Berlin-October-20-2024-Bundesliga,,49aa197e
Bundesliga,7,Sun,2024-10-20,17:30,Wolfsburg,2–4,Werder Bremen,28917,Volkswagen Arena,Daniel Schlager,/en/matches/afaee823/Wolfsburg-Werder-Bremen-October-20-2024-Bundesliga,,afaee823
Bundesliga,8,Fri,2024-10-25,20:30,Mainz 05,1–1,Gladbach,33000,Mewa Arena,Martin Petersen,/en/matches/ad43a11c/Mainz-05-Monchengladbach-October-25-2024-Bundesliga,,ad43a11c
Bundesliga,8,Sat,2024-10-26,15:30,Augsburg,2–1,Dortmund,30660,WWK Arena,Tobias Welz,/en/matches/5c672984/Augsburg-Dortmund-October-26-2024-Bundesliga,,5c672984
Bundesliga,8,Sat,2024-10-26,15:30,RB Leipzig,3–1,Freiburg,45908,Red Bull Arena,Sven Jablonski,/en/matches/e12d2336/RB-Leipzig-Freiburg-October-26-2024-Bundesliga,,e12d2336
Bundesliga,8,Sat,2024-10-26,15:30,St Pauli,0–0,Wolfsburg,29546,Millerntor-Stadion,Tobias Reichel,/en/matches/75894bbc/St-Pauli-Wolfsburg-October-26-2024-Bundesliga,,75894bbc
Bundesliga,8,Sat,2024-10-26,15:30,Stuttgart,2–1,Holstein Kiel,59000,MHPArena,Robert Hartmann,/en/matches/1cd904a3/Stuttgart-Holstein-Kiel-October-26-2024-Bundesliga,,1cd904a3
Bundesliga,8,Sat,2024-10-26,18:30,Werder Bremen,2–2,Leverkusen,42100,Weserstadion,Florian Badstübner,/en/matches/7c95858c/Werder-Bremen-Leverkusen-October-26-2024-Bundesliga,,7c95858c
Bundesliga,8,Sun,2024-10-27,15:30,Bochum,0–5,Bayern Munich,26000,Vonovia Ruhrstadion,Florian Exner,/en/matches/47698a8f/Bochum-Bayern-Munich-October-27-2024-Bundesliga,,47698a8f
Bundesliga,8,Sun,2024-10-27,19:30,Heidenheim,0–0,Hoffenheim,15000,Voith-Arena,Christian Dingert,/en/matches/fc665c18/Heidenheim-Hoffenheim-October-27-2024-Bundesliga,,fc665c18
Bundesliga,8,Sun,2024-10-27,17:30,Union Berlin,1–1,Eintracht Frankfurt,22012,Stadion An der Alten Försterei,Harm Osmers,/en/matches/90526971/Union-Berlin-Eintracht-Frankfurt-October-27-2024-Bundesliga,,90526971
Bundesliga,9,Fri,2024-11-01,20:30,Leverkusen,0–0,Stuttgart,30210,BayArena,Daniel Siebert,/en/matches/c803a5eb/Leverkusen-Stuttgart-November-1-2024-Bundesliga,,c803a5eb
Bundesliga,9,Sat,2024-11-02,15:30,Bayern Munich,3–0,Union Berlin,75000,Allianz Arena,Matthias Jöllenbeck,/en/matches/61af44e4/Bayern-Munich-Union-Berlin-November-2-2024-Bundesliga,,61af44e4
Bundesliga,9,Sat,2024-11-02,18:30,Dortmund,2–1,RB Leipzig,81365,Signal Iduna Park,Tobias Stieler,/en/matches/7756d7d5/Dortmund-RB-Leipzig-November-2-2024-Bundesliga,,7756d7d5
Bundesliga,9,Sat,2024-11-02,15:30,Eintracht Frankfurt,7–2,Bochum,58000,Deutsche Bank Park,Daniel Schlager,/en/matches/f5fc1b23/Eintracht-Frankfurt-Bochum-November-2-2024-Bundesliga,,f5fc1b23
Bundesliga,9,Sat,2024-11-02,15:30,Hoffenheim,0–2,St Pauli,26199,PreZero Arena,Sascha Stegemann,/en/matches/2e0fc0d2/Hoffenheim-St-Pauli-November-2-2024-Bundesliga,,2e0fc0d2
Bundesliga,9,Sat,2024-11-02,15:30,Holstein Kiel,1–0,Heidenheim,14405,Holstein-Stadion,Frank Willenborg,/en/matches/a51846c1/Holstein-Kiel-Heidenheim-November-2-2024-Bundesliga,,a51846c1
Bundesliga,9,Sat,2024-11-02,15:30,Wolfsburg,1–1,Augsburg,22654,Volkswagen Arena,Felix Brych,/en/matches/41c73b44/Wolfsburg-Augsburg-November-2-2024-Bundesliga,,41c73b44
Bundesliga,9,Sun,2024-11-03,15:30,Freiburg,0–0,Mainz 05,34400,Europa-Park Stadion,Benjamin Brand,/en/matches/86485b52/Freiburg-Mainz-05-November-3-2024-Bundesliga,,86485b52
Bundesliga,9,Sun,2024-11-03,17:30,Gladbach,4–1,Werder Bremen,54042,Stadion im Borussia-Park,Bastian Dankert,/en/matches/b9ce1157/Monchengladbach-Werder-Bremen-November-3-2024-Bundesliga,,b9ce1157
Bundesliga,10,Fri,2024-11-08,20:30,Union Berlin,0–0,Freiburg,22012,Stadion An der Alten Försterei,Tobias Reichel,/en/matches/05b458bf/Union-Berlin-Freiburg-November-8-2024-Bundesliga,,05b458bf
Bundesliga,10,Sat,2024-11-09,15:30,Bochum,1–1,Leverkusen,26000,Vonovia Ruhrstadion,Robert Hartmann,/en/matches/50ab5485/Bochum-Leverkusen-November-9-2024-Bundesliga,,50ab5485
Bundesliga,10,Sat,2024-11-09,15:30,Mainz 05,3–1,Dortmund,33000,Mewa Arena,Florian Badstübner,/en/matches/ff7bcb61/Mainz-05-Dortmund-November-9-2024-Bundesliga,,ff7bcb61
Bundesliga,10,Sat,2024-11-09,18:30,RB Leipzig,0–0,Gladbach,46887,Red Bull Arena,Christian Dingert,/en/matches/639bf27f/RB-Leipzig-Monchengladbach-November-9-2024-Bundesliga,,639bf27f
Bundesliga,10,Sat,2024-11-09,15:30,St Pauli,0–1,Bayern Munich,29546,Millerntor-Stadion,Timo Gerach,/en/matches/213e9aea/St-Pauli-Bayern-Munich-November-9-2024-Bundesliga,,213e9aea
Bundesliga,10,Sat,2024-11-09,15:30,Werder Bremen,2–1,Holstein Kiel,42100,Weserstadion,Sören Storks,/en/matches/58ac698f/Werder-Bremen-Holstein-Kiel-November-9-2024-Bundesliga,,58ac698f
Bundesliga,10,Sun,2024-11-10,15:30,Augsburg,0–0,Hoffenheim,28300,WWK Arena,Martin Petersen,/en/matches/67fa64af/Augsburg-Hoffenheim-November-10-2024-Bundesliga,,67fa64af
Bundesliga,10,Sun,2024-11-10,19:30,Heidenheim,1–3,Wolfsburg,15000,Voith-Arena,Harm Osmers,/en/matches/27da1c68/Heidenheim-Wolfsburg-November-10-2024-Bundesliga,,27da1c68
Bundesliga,10,Sun,2024-11-10,17:30,Stuttgart,2–3,Eintracht Frankfurt,60000,MHPArena,Felix Zwayer,/en/matches/2155226b/Stuttgart-Eintracht-Frankfurt-November-10-2024-Bundesliga,,2155226b
Bundesliga,11,Fri,2024-11-22,20:30,Bayern Munich,3–0,Augsburg,75000,Allianz Arena,Daniel Schlager,/en/matches/797e3d3e/Bayern-Munich-Augsburg-November-22-2024-Bundesliga,,797e3d3e
Bundesliga,11,Sat,2024-11-23,15:30,Dortmund,4–0,Freiburg,81365,Signal Iduna Park,Felix Brych,/en/matches/72699490/Dortmund-Freiburg-November-23-2024-Bundesliga,,72699490
Bundesliga,11,Sat,2024-11-23,18:30,Eintracht Frankfurt,1–0,Werder Bremen,58000,Deutsche Bank Park,Florian Badstübner,/en/matches/b410a6e3/Eintracht-Frankfurt-Werder-Bremen-November-23-2024-Bundesliga,,b410a6e3
Bundesliga,11,Sat,2024-11-23,15:30,Hoffenheim,4–3,RB Leipzig,28023,PreZero Arena,Frank Willenborg,/en/matches/b5f40472/Hoffenheim-RB-Leipzig-November-23-2024-Bundesliga,,b5f40472
Bundesliga,11,Sat,2024-11-23,15:30,Leverkusen,5–2,Heidenheim,29103,BayArena,Bastian Dankert,/en/matches/573e0883/Leverkusen-Heidenheim-November-23-2024-Bundesliga,,573e0883
Bundesliga,11,Sat,2024-11-23,15:30,Stuttgart,2–0,Bochum,59000,MHPArena,Benjamin Brand,/en/matches/9552b88a/Stuttgart-Bochum-November-23-2024-Bundesliga,,9552b88a
Bundesliga,11,Sat,2024-11-23,15:30,Wolfsburg,1–0,Union Berlin,23861,Volkswagen Arena,Tobias Stieler,/en/matches/16895d71/Wolfsburg-Union-Berlin-November-23-2024-Bundesliga,,16895d71
Bundesliga,11,Sun,2024-11-24,17:30,Gladbach,2–0,St Pauli,54042,Stadion im Borussia-Park,Robin Braun,/en/matches/b0221e69/Monchengladbach-St-Pauli-November-24-2024-Bundesliga,,b0221e69
Bundesliga,11,Sun,2024-11-24,15:30,Holstein Kiel,0–3,Mainz 05,14906,Holstein-Stadion,Sascha Stegemann,/en/matches/eb577d48/Holstein-Kiel-Mainz-05-November-24-2024-Bundesliga,,eb577d48
Bundesliga,12,Fri,2024-11-29,20:30,St Pauli,3–1,Holstein Kiel,29546,Millerntor-Stadion,Felix Zwayer,/en/matches/5c8b9990/St-Pauli-Holstein-Kiel-November-29-2024-Bundesliga,,5c8b9990
Bundesliga,12,Sat,2024-11-30,15:30,Augsburg,1–0,Bochum,29556,WWK Arena,Tobias Reichel,/en/matches/b1e5b315/Augsburg-Bochum-November-30-2024-Bundesliga,,b1e5b315
Bundesliga,12,Sat,2024-11-30,18:30,Dortmund,1–1,Bayern Munich,81365,Signal Iduna Park,Sven Jablonski,/en/matches/77d36005/Der-Klassiker-Dortmund-Bayern-Munich-November-30-2024-Bundesliga,,77d36005
Bundesliga,12,Sat,2024-11-30,15:30,Freiburg,3–1,Gladbach,34700,Europa-Park Stadion,Robert Hartmann,/en/matches/358ea55d/Freiburg-Monchengladbach-November-30-2024-Bundesliga,,358ea55d
Bundesliga,12,Sat,2024-11-30,15:30,RB Leipzig,1–5,Wolfsburg,40000,Red Bull Arena,Martin Petersen,/en/matches/b0c93fa3/RB-Leipzig-Wolfsburg-November-30-2024-Bundesliga,,b0c93fa3
Bundesliga,12,Sat,2024-11-30,15:30,Union Berlin,1–2,Leverkusen,22012,Stadion An der Alten Försterei,Christian Dingert,/en/matches/19910993/Union-Berlin-Leverkusen-November-30-2024-Bundesliga,,19910993
Bundesliga,12,Sat,2024-11-30,15:30,Werder Bremen,2–2,Stuttgart,42100,Weserstadion,Harm Osmers,/en/matches/61c993b3/Werder-Bremen-Stuttgart-November-30-2024-Bundesliga,,61c993b3
Bundesliga,12,Sun,2024-12-01,17:30,Heidenheim,0–4,Eintracht Frankfurt,15000,Voith-Arena,Florian Exner,/en/matches/055831dc/Heidenheim-Eintracht-Frankfurt-December-1-2024-Bundesliga,,055831dc
Bundesliga,12,Sun,2024-12-01,15:30,Mainz 05,2–0,Hoffenheim,30400,Mewa Arena,Daniel Siebert,/en/matches/16d2485c/Mainz-05-Hoffenheim-December-1-2024-Bundesliga,,16d2485c
Bundesliga,13,Fri,2024-12-06,20:30,Stuttgart,3–2,Union Berlin,59000,MHPArena,Tobias Welz,/en/matches/41b2c9a7/Stuttgart-Union-Berlin-December-6-2024-Bundesliga,,41b2c9a7
Bundesliga,13,Sat,2024-12-07,15:30,Bayern Munich,4–2,Heidenheim,75000,Allianz Arena,Sören Storks,/en/matches/aff85c23/Bayern-Munich-Heidenheim-December-7-2024-Bundesliga,,aff85c23
Bundesliga,13,Sat,2024-12-07,15:30,Bochum,0–1,Werder Bremen,26000,Vonovia Ruhrstadion,Felix Brych,/en/matches/73bf4f3e/Bochum-Werder-Bremen-December-7-2024-Bundesliga,,73bf4f3e
Bundesliga,13,Sat,2024-12-07,15:30,Eintracht Frankfurt,2–2,Augsburg,57000,Deutsche Bank Park,Bastian Dankert,/en/matches/4442b38e/Eintracht-Frankfurt-Augsburg-December-7-2024-Bundesliga,,4442b38e
Bundesliga,13,Sat,2024-12-07,18:30,Gladbach,1–1,Dortmund,54042,Stadion im Borussia-Park,Tobias Stieler,/en/matches/975c1d76/Monchengladbach-Dortmund-December-7-2024-Bundesliga,,975c1d76
Bundesliga,13,Sat,2024-12-07,15:30,Holstein Kiel,0–2,RB Leipzig,14715,Holstein-Stadion,Florian Badstübner,/en/matches/5b484005/Holstein-Kiel-RB-Leipzig-December-7-2024-Bundesliga,,5b484005
Bundesliga,13,Sat,2024-12-07,15:30,Leverkusen,2–1,St Pauli,30210,BayArena,Matthias Jöllenbeck,/en/matches/326bf78c/Leverkusen-St-Pauli-December-7-2024-Bundesliga,,326bf78c
Bundesliga,13,Sun,2024-12-08,17:30,Hoffenheim,1–1,Freiburg,22027,PreZero Arena,Sven Jablonski,/en/matches/3b2c1622/Hoffenheim-Freiburg-December-8-2024-Bundesliga,,3b2c1622
Bundesliga,13,Sun,2024-12-08,15:30,Wolfsburg,4–3,Mainz 05,20036,Volkswagen Arena,Timo Gerach,/en/matches/4c76fa51/Wolfsburg-Mainz-05-December-8-2024-Bundesliga,,4c76fa51
Bundesliga,14,Fri,2024-12-13,20:30,Freiburg,3–2,Wolfsburg,32600,Europa-Park Stadion,Sascha Stegemann,/en/matches/3142b1ac/Freiburg-Wolfsburg-December-13-2024-Bundesliga,,3142b1ac
Bundesliga,14,Sat,2024-12-14,15:30,Augsburg,0–2,Leverkusen,29310,WWK Arena,Felix Zwayer,/en/matches/b2439369/Augsburg-Leverkusen-December-14-2024-Bundesliga,,b2439369
Bundesliga,14,Sat,2024-12-14,15:30,Gladbach,4–1,Holstein Kiel,52210,Stadion im Borussia-Park,Daniel Schlager,/en/matches/9082168d/Monchengladbach-Holstein-Kiel-December-14-2024-Bundesliga,,9082168d
Bundesliga,14,Sat,2024-12-14,15:30,Mainz 05,2–1,Bayern Munich,33305,Mewa Arena,Frank Willenborg,/en/matches/dc3aa7be/Mainz-05-Bayern-Munich-December-14-2024-Bundesliga,,dc3aa7be
Bundesliga,14,Sat,2024-12-14,18:30,St Pauli,0–2,Werder Bremen,29546,Millerntor-Stadion,Robert Hartmann,/en/matches/f9c6643f/St-Pauli-Werder-Bremen-December-14-2024-Bundesliga,,f9c6643f
Bundesliga,14,Sat,2024-12-14,15:30,Union Berlin,0–2,Bochum,22012,Stadion An der Alten Försterei,Martin Petersen,/en/matches/171e1d37/Union-Berlin-Bochum-December-14-2024-Bundesliga,Match awarded to Bochum,171e1d37
Bundesliga,14,Sun,2024-12-15,17:30,Dortmund,1–1,Hoffenheim,81365,Signal Iduna Park,Harm Osmers,/en/matches/cf85934f/Dortmund-Hoffenheim-December-15-2024-Bundesliga,,cf85934f
Bundesliga,14,Sun,2024-12-15,15:30,Heidenheim,1–3,Stuttgart,15000,Voith-Arena,Christian Dingert,/en/matches/406ac14d/Heidenheim-Stuttgart-December-15-2024-Bundesliga,,406ac14d
Bundesliga,14,Sun,2024-12-15,19:30,RB Leipzig,2–1,Eintracht Frankfurt,40193,Red Bull Arena,Benjamin Brand,/en/matches/7f0b7508/RB-Leipzig-Eintracht-Frankfurt-December-15-2024-Bundesliga,,7f0b7508
Bundesliga,15,Fri,2024-12-20,20:30,Bayern Munich,5–1,RB Leipzig,75000,Allianz Arena,Daniel Siebert,/en/matches/b1590970/Bayern-Munich-RB-Leipzig-December-20-2024-Bundesliga,,b1590970
Bundesliga,15,Sat,2024-12-21,15:30,Eintracht Frankfurt,1–3,Mainz 05,58000,Deutsche Bank Park,Florian Badstübner,/en/matches/1b681fd7/Eintracht-Frankfurt-Mainz-05-December-21-2024-Bundesliga,,1b681fd7
Bundesliga,15,Sat,2024-12-21,15:30,Hoffenheim,1–2,Gladbach,28923,PreZero Arena,Bastian Dankert,/en/matches/0e787c0f/Hoffenheim-Monchengladbach-December-21-2024-Bundesliga,,0e787c0f
Bundesliga,15,Sat,2024-12-21,15:30,Holstein Kiel,5–1,Augsburg,14830,Holstein-Stadion,Tobias Welz,/en/matches/8d956d1f/Holstein-Kiel-Augsburg-December-21-2024-Bundesliga,,8d956d1f
Bundesliga,15,Sat,2024-12-21,18:30,Leverkusen,5–1,Freiburg,30210,BayArena,Tobias Stieler,/en/matches/9d56a702/Leverkusen-Freiburg-December-21-2024-Bundesliga,,9d56a702
Bundesliga,15,Sat,2024-12-21,15:30,Stuttgart,0–1,St Pauli,60000,MHPArena,Felix Brych,/en/matches/446a9815/Stuttgart-St-Pauli-December-21-2024-Bundesliga,,446a9815
Bundesliga,15,Sat,2024-12-21,15:30,Werder Bremen,4–1,Union Berlin,42100,Weserstadion,Florian Exner,/en/matches/3a05d86e/Werder-Bremen-Union-Berlin-December-21-2024-Bundesliga,,3a05d86e
Bundesliga,15,Sun,2024-12-22,15:30,Bochum,2–0,Heidenheim,24328,Vonovia Ruhrstadion,Sven Jablonski,/en/matches/adeb37a5/Bochum-Heidenheim-December-22-2024-Bundesliga,,adeb37a5
Bundesliga,15,Sun,2024-12-22,17:30,Wolfsburg,1–3,Dortmund,28917,Volkswagen Arena,Matthias Jöllenbeck,/en/matches/6948e2d4/Wolfsburg-Dortmund-December-22-2024-Bundesliga,,6948e2d4
Bundesliga,16,Fri,2025-01-10,20:45,Dortmund,2–3,Leverkusen,81365,Signal Iduna Park,Tobias Stieler,/en/matches/54ce0559/Dortmund-Leverkusen-January-10-2025-Bundesliga,,54ce0559
Bundesliga,16,Sat,2025-01-11,15:30,Freiburg,3–2,Holstein Kiel,33700,Europa-Park Stadion,Sören Storks,/en/matches/3e4b6950/Freiburg-Holstein-Kiel-January-11-2025-Bundesliga,,3e4b6950
Bundesliga,16,Sat,2025-01-11,18:30,Gladbach,0–1,Bayern Munich,54042,Stadion im Borussia-Park,Felix Zwayer,/en/matches/95b5760f/Monchengladbach-Bayern-Munich-January-11-2025-Bundesliga,,95b5760f
Bundesliga,16,Sat,2025-01-11,15:30,Heidenheim,2–0,Union Berlin,15000,Voith-Arena,Robert Hartmann,/en/matches/f3b5b40c/Heidenheim-Union-Berlin-January-11-2025-Bundesliga,,f3b5b40c
Bundesliga,16,Sat,2025-01-11,15:30,Hoffenheim,0–1,Wolfsburg,18114,PreZero Arena,Christian Dingert,/en/matches/606b4f3d/Hoffenheim-Wolfsburg-January-11-2025-Bundesliga,,606b4f3d
Bundesliga,16,Sat,2025-01-11,15:30,Mainz 05,2–0,Bochum,32000,Mewa Arena,Benjamin Brand,/en/matches/319e48db/Mainz-05-Bochum-January-11-2025-Bundesliga,,319e48db
Bundesliga,16,Sat,2025-01-11,15:30,St Pauli,0–1,Eintracht Frankfurt,29546,Millerntor-Stadion,Harm Osmers,/en/matches/7ff87749/St-Pauli-Eintracht-Frankfurt-January-11-2025-Bundesliga,,7ff87749
Bundesliga,16,Sun,2025-01-12,17:30,Augsburg,0–1,Stuttgart,30660,WWK Arena,Daniel Schlager,/en/matches/e99a4554/Augsburg-Stuttgart-January-12-2025-Bundesliga,,e99a4554
Bundesliga,16,Sun,2025-01-12,15:30,RB Leipzig,4–2,Werder Bremen,47187,Red Bull Arena,Tobias Reichel,/en/matches/ca3024b8/RB-Leipzig-Werder-Bremen-January-12-2025-Bundesliga,,ca3024b8
Bundesliga,17,Tue,2025-01-14,20:30,Eintracht Frankfurt,4–1,Freiburg,56500,Deutsche Bank Park,Sven Jablonski,/en/matches/826e71bd/Eintracht-Frankfurt-Freiburg-January-14-2025-Bundesliga,,826e71bd
Bundesliga,17,Tue,2025-01-14,18:30,Holstein Kiel,4–2,Dortmund,15034,Holstein-Stadion,Martin Petersen,/en/matches/0967d02c/Holstein-Kiel-Dortmund-January-14-2025-Bundesliga,,0967d02c
Bundesliga,17,Tue,2025-01-14,20:30,Leverkusen,1–0,Mainz 05,30210,BayArena,Tobias Welz,/en/matches/bffe5cc0/Leverkusen-Mainz-05-January-14-2025-Bundesliga,,bffe5cc0
Bundesliga,17,Tue,2025-01-14,20:30,Wolfsburg,5–1,Gladbach,20519,Volkswagen Arena,Florian Badstübner,/en/matches/1f4078fa/Wolfsburg-Monchengladbach-January-14-2025-Bundesliga,,1f4078fa
Bundesliga,17,Wed,2025-01-15,20:30,Bayern Munich,5–0,Hoffenheim,75000,Allianz Arena,Timo Gerach,/en/matches/31d47dd3/Bayern-Munich-Hoffenheim-January-15-2025-Bundesliga,,31d47dd3
Bundesliga,17,Wed,2025-01-15,18:30,Bochum,1–0,St Pauli,26000,Vonovia Ruhrstadion,Daniel Siebert,/en/matches/0ed57a99/Bochum-St-Pauli-January-15-2025-Bundesliga,,0ed57a99
Bundesliga,17,Wed,2025-01-15,20:30,Stuttgart,2–1,RB Leipzig,57500,MHPArena,Sascha Stegemann,/en/matches/081e6d08/Stuttgart-RB-Leipzig-January-15-2025-Bundesliga,,081e6d08
Bundesliga,17,Wed,2025-01-15,20:30,Union Berlin,0–2,Augsburg,21560,Stadion An der Alten Försterei,Frank Willenborg,/en/matches/dbe65fff/Union-Berlin-Augsburg-January-15-2025-Bundesliga,,dbe65fff
Bundesliga,17,Wed,2025-01-15,20:30,Werder Bremen,3–3,Heidenheim,39350,Weserstadion,Matthias Jöllenbeck,/en/matches/44a88ae4/Werder-Bremen-Heidenheim-January-15-2025-Bundesliga,,44a88ae4
Bundesliga,18,Fri,2025-01-17,20:30,Eintracht Frankfurt,2–0,Dortmund,58000,Deutsche Bank Park,Daniel Schlager,/en/matches/005a65f4/Eintracht-Frankfurt-Dortmund-January-17-2025-Bundesliga,,005a65f4
Bundesliga,18,Sat,2025-01-18,15:30,Bayern Munich,3–2,Wolfsburg,75000,Allianz Arena,Tobias Reichel,/en/matches/05f318cc/Bayern-Munich-Wolfsburg-January-18-2025-Bundesliga,,05f318cc
Bundesliga,18,Sat,2025-01-18,15:30,Bochum,3–3,RB Leipzig,24158,Vonovia Ruhrstadion,Robert Hartmann,/en/matches/f702b3ab/Bochum-RB-Leipzig-January-18-2025-Bundesliga,,f702b3ab
Bundesliga,18,Sat,2025-01-18,15:30,Heidenheim,0–2,St Pauli,15000,Voith-Arena,Bastian Dankert,/en/matches/14522bc5/Heidenheim-St-Pauli-January-18-2025-Bundesliga,,14522bc5
Bundesliga,18,Sat,2025-01-18,15:30,Holstein Kiel,1–3,Hoffenheim,13923,Holstein-Stadion,Felix Brych,/en/matches/fac01a25/Holstein-Kiel-Hoffenheim-January-18-2025-Bundesliga,,fac01a25
Bundesliga,18,Sat,2025-01-18,18:30,Leverkusen,3–1,Gladbach,30210,BayArena,Harm Osmers,/en/matches/3bf36d69/Leverkusen-Monchengladbach-January-18-2025-Bundesliga,,3bf36d69
Bundesliga,18,Sat,2025-01-18,15:30,Stuttgart,4–0,Freiburg,60000,MHPArena,Felix Zwayer,/en/matches/e057d531/Stuttgart-Freiburg-January-18-2025-Bundesliga,,e057d531
Bundesliga,18,Sun,2025-01-19,15:30,Union Berlin,2–1,Mainz 05,21646,Stadion An der Alten Försterei,Florian Exner,/en/matches/abafaba1/Union-Berlin-Mainz-05-January-19-2025-Bundesliga,,abafaba1
Bundesliga,18,Sun,2025-01-19,17:30,Werder Bremen,0–2,Augsburg,39350,Weserstadion,Benjamin Brand,/en/matches/10062a04/Werder-Bremen-Augsburg-January-19-2025-Bundesliga,,10062a04
Bundesliga,19,Fri,2025-01-24,20:30,Wolfsburg,2–2,Holstein Kiel,22103,Volkswagen Arena,Sven Jablonski,/en/matches/fd026179/Wolfsburg-Holstein-Kiel-January-24-2025-Bundesliga,,fd026179
Bundesliga,19,Sat,2025-01-25,15:30,Augsburg,2–1,Heidenheim,30660,WWK Arena,Florian Badstübner,/en/matches/be9e8dad/Augsburg-Heidenheim-January-25-2025-Bundesliga,,be9e8dad
Bundesliga,19,Sat,2025-01-25,15:30,Dortmund,2–2,Werder Bremen,81365,Signal Iduna Park,Christian Dingert,/en/matches/11d1c71c/Dortmund-Werder-Bremen-January-25-2025-Bundesliga,,11d1c71c
Bundesliga,19,Sat,2025-01-25,15:30,Freiburg,1–2,Bayern Munich,34700,Europa-Park Stadion,Daniel Siebert,/en/matches/f4b1b7e1/Freiburg-Bayern-Munich-January-25-2025-Bundesliga,,f4b1b7e1
Bundesliga,19,Sat,2025-01-25,18:30,Gladbach,3–0,Bochum,54042,Stadion im Borussia-Park,Matthias Jöllenbeck,/en/matches/e1972a42/Monchengladbach-Bochum-January-25-2025-Bundesliga,,e1972a42
Bundesliga,19,Sat,2025-01-25,15:30,Mainz 05,2–0,Stuttgart,33000,Mewa Arena,Tobias Stieler,/en/matches/15fd87e3/Mainz-05-Stuttgart-January-25-2025-Bundesliga,,15fd87e3
Bundesliga,19,Sat,2025-01-25,15:30,RB Leipzig,2–2,Leverkusen,46793,Red Bull Arena,Bastian Dankert,/en/matches/cfcc6770/RB-Leipzig-Leverkusen-January-25-2025-Bundesliga,,cfcc6770
Bundesliga,19,Sun,2025-01-26,15:30,Hoffenheim,2–2,Eintracht Frankfurt,30150,PreZero Arena,Sascha Stegemann,/en/matches/3b329c8a/Hoffenheim-Eintracht-Frankfurt-January-26-2025-Bundesliga,,3b329c8a
Bundesliga,19,Sun,2025-01-26,17:30,St Pauli,3–0,Union Berlin,29546,Millerntor-Stadion,Sören Storks,/en/matches/77f7b50a/St-Pauli-Union-Berlin-January-26-2025-Bundesliga,,77f7b50a
Bundesliga,20,Fri,2025-01-31,20:30,Werder Bremen,1–0,Mainz 05,40500,Weserstadion,Martin Petersen,/en/matches/5d31cfeb/Werder-Bremen-Mainz-05-January-31-2025-Bundesliga,,5d31cfeb
Bundesliga,20,Sat,2025-02-01,15:30,Bayern Munich,4–3,Holstein Kiel,75000,Allianz Arena,Florian Exner,/en/matches/5b710b34/Bayern-Munich-Holstein-Kiel-February-1-2025-Bundesliga,,5b710b34
Bundesliga,20,Sat,2025-02-01,15:30,Bochum,0–1,Freiburg,25900,Vonovia Ruhrstadion,Tobias Welz,/en/matches/db02399e/Bochum-Freiburg-February-1-2025-Bundesliga,,db02399e
Bundesliga,20,Sat,2025-02-01,15:30,Heidenheim,1–2,Dortmund,15000,Voith-Arena,Frank Willenborg,/en/matches/54a09715/Heidenheim-Dortmund-February-1-2025-Bundesliga,,54a09715
Bundesliga,20,Sat,2025-02-01,15:30,St Pauli,1–1,Augsburg,29546,Millerntor-Stadion,Tobias Reichel,/en/matches/b18bceea/St-Pauli-Augsburg-February-1-2025-Bundesliga,,b18bceea
Bundesliga,20,Sat,2025-02-01,15:30,Stuttgart,1–2,Gladbach,60000,MHPArena,Robert Hartmann,/en/matches/138b9d28/Stuttgart-Monchengladbach-February-1-2025-Bundesliga,,138b9d28
Bundesliga,20,Sat,2025-02-01,18:30,Union Berlin,0–0,RB Leipzig,22012,Stadion An der Alten Försterei,Daniel Schlager,/en/matches/616b4ea5/Union-Berlin-RB-Leipzig-February-1-2025-Bundesliga,,616b4ea5
Bundesliga,20,Sun,2025-02-02,15:30,Eintracht Frankfurt,1–1,Wolfsburg,56900,Deutsche Bank Park,Benjamin Brand,/en/matches/2861d451/Eintracht-Frankfurt-Wolfsburg-February-2-2025-Bundesliga,,2861d451
Bundesliga,20,Sun,2025-02-02,17:30,Leverkusen,3–1,Hoffenheim,29278,BayArena,Robin Braun,/en/matches/be216889/Leverkusen-Hoffenheim-February-2-2025-Bundesliga,,be216889
Bundesliga,21,Fri,2025-02-07,20:30,Bayern Munich,3–0,Werder Bremen,75000,Allianz Arena,Sören Storks,/en/matches/dede20b2/Bayern-Munich-Werder-Bremen-February-7-2025-Bundesliga,,dede20b2
Bundesliga,21,Sat,2025-02-08,15:30,Dortmund,1–2,Stuttgart,81365,Signal Iduna Park,Daniel Siebert,/en/matches/3a6ba600/Dortmund-Stuttgart-February-8-2025-Bundesliga,,3a6ba600
Bundesliga,21,Sat,2025-02-08,15:30,Freiburg,1–0,Heidenheim,34000,Europa-Park Stadion,Timo Gerach,/en/matches/02b849f8/Freiburg-Heidenheim-February-8-2025-Bundesliga,,02b849f8
Bundesliga,21,Sat,2025-02-08,18:30,Gladbach,1–1,Eintracht Frankfurt,54042,Stadion im Borussia-Park,Christian Dingert,/en/matches/a3887d2e/Monchengladbach-Eintracht-Frankfurt-February-8-2025-Bundesliga,,a3887d2e
Bundesliga,21,Sat,2025-02-08,15:30,Hoffenheim,0–4,Union Berlin,20023,PreZero Arena,Tobias Stieler,/en/matches/cf6b4de4/Hoffenheim-Union-Berlin-February-8-2025-Bundesliga,,cf6b4de4
Bundesliga,21,Sat,2025-02-08,15:30,Mainz 05,0–0,Augsburg,33000,Mewa Arena,Daniel Schlager,/en/matches/cff7de63/Mainz-05-Augsburg-February-8-2025-Bundesliga,,cff7de63
Bundesliga,21,Sat,2025-02-08,15:30,Wolfsburg,0–0,Leverkusen,28198,Volkswagen Arena,Sascha Stegemann,/en/matches/853e68b5/Wolfsburg-Leverkusen-February-8-2025-Bundesliga,,853e68b5
Bundesliga,21,Sun,2025-02-09,15:30,Holstein Kiel,2–2,Bochum,15034,Holstein-Stadion,Felix Zwayer,/en/matches/521f766a/Holstein-Kiel-Bochum-February-9-2025-Bundesliga,,521f766a
Bundesliga,21,Sun,2025-02-09,17:30,RB Leipzig,2–0,St Pauli,46021,Red Bull Arena,Florian Badstübner,/en/matches/827c2291/RB-Leipzig-St-Pauli-February-9-2025-Bundesliga,,827c2291
Bundesliga,22,Fri,2025-02-14,20:30,Augsburg,0–0,RB Leipzig,28260,WWK Arena,Sascha Stegemann,/en/matches/594320d9/Augsburg-RB-Leipzig-February-14-2025-Bundesliga,,594320d9
Bundesliga,22,Sat,2025-02-15,15:30,Bochum,2–0,Dortmund,26000,Vonovia Ruhrstadion,Harm Osmers,/en/matches/451156e0/Bochum-Dortmund-February-15-2025-Bundesliga,,451156e0
Bundesliga,22,Sat,2025-02-15,18:30,Leverkusen,0–0,Bayern Munich,30210,BayArena,Daniel Siebert,/en/matches/5da24f91/Leverkusen-Bayern-Munich-February-15-2025-Bundesliga,,5da24f91
Bundesliga,22,Sat,2025-02-15,15:30,St Pauli,0–1,Freiburg,29546,Millerntor-Stadion,Benjamin Brand,/en/matches/75d89be3/St-Pauli-Freiburg-February-15-2025-Bundesliga,,75d89be3
Bundesliga,22,Sat,2025-02-15,15:30,Stuttgart,1–2,Wolfsburg,58000,MHPArena,Tobias Welz,/en/matches/de63fff0/Stuttgart-Wolfsburg-February-15-2025-Bundesliga,,de63fff0
Bundesliga,22,Sat,2025-02-15,15:30,Union Berlin,1–2,Gladbach,22012,Stadion An der Alten Försterei,Sven Jablonski,/en/matches/6ed0551d/Union-Berlin-Monchengladbach-February-15-2025-Bundesliga,,6ed0551d
Bundesliga,22,Sun,2025-02-16,17:30,Eintracht Frankfurt,3–1,Holstein Kiel,57700,Deutsche Bank Park,Robert Hartmann,/en/matches/a7eaacdb/Eintracht-Frankfurt-Holstein-Kiel-February-16-2025-Bundesliga,,a7eaacdb
Bundesliga,22,Sun,2025-02-16,19:30,Heidenheim,0–2,Mainz 05,15000,Voith-Arena,Felix Brych,/en/matches/ee260489/Heidenheim-Mainz-05-February-16-2025-Bundesliga,,ee260489
Bundesliga,22,Sun,2025-02-16,15:30,Werder Bremen,1–3,Hoffenheim,39400,Weserstadion,Frank Willenborg,/en/matches/e8d6223f/Werder-Bremen-Hoffenheim-February-16-2025-Bundesliga,,e8d6223f
Bundesliga,23,Fri,2025-02-21,20:30,Freiburg,5–0,Werder Bremen,34700,Europa-Park Stadion,Max Burda,/en/matches/47e68da4/Freiburg-Werder-Bremen-February-21-2025-Bundesliga,,47e68da4
Bundesliga,23,Sat,2025-02-22,18:30,Dortmund,6–0,Union Berlin,81365,Signal Iduna Park,Bastian Dankert,/en/matches/937a7c71/Dortmund-Union-Berlin-February-22-2025-Bundesliga,,937a7c71
Bundesliga,23,Sat,2025-02-22,15:30,Gladbach,0–3,Augsburg,51493,Stadion im Borussia-Park,Florian Exner,/en/matches/93560e55/Monchengladbach-Augsburg-February-22-2025-Bundesliga,,93560e55
Bundesliga,23,Sat,2025-02-22,15:30,Holstein Kiel,0–2,Leverkusen,15034,Holstein-Stadion,Daniel Schlager,/en/matches/9f784f25/Holstein-Kiel-Leverkusen-February-22-2025-Bundesliga,,9f784f25
Bundesliga,23,Sat,2025-02-22,15:30,Mainz 05,2–0,St Pauli,33305,Mewa Arena,Felix Zwayer,/en/matches/c6fc28ec/Mainz-05-St-Pauli-February-22-2025-Bundesliga,,c6fc28ec
Bundesliga,23,Sat,2025-02-22,15:30,Wolfsburg,1–1,Bochum,23772,Volkswagen Arena,Timo Gerach,/en/matches/cec14305/Wolfsburg-Bochum-February-22-2025-Bundesliga,,cec14305
Bundesliga,23,Sun,2025-02-23,17:30,Bayern Munich,4–0,Eintracht Frankfurt,75000,Allianz Arena,Sascha Stegemann,/en/matches/a994aa80/Bayern-Munich-Eintracht-Frankfurt-February-23-2025-Bundesliga,,a994aa80
Bundesliga,23,Sun,2025-02-23,19:30,Hoffenheim,1–1,Stuttgart,30150,PreZero Arena,Christian Dingert,/en/matches/26c7700f/Hoffenheim-Stuttgart-February-23-2025-Bundesliga,,26c7700f
Bundesliga,23,Sun,2025-02-23,15:30,RB Leipzig,2–2,Heidenheim,36619,Red Bull Arena,Martin Petersen,/en/matches/9420a8fb/RB-Leipzig-Heidenheim-February-23-2025-Bundesliga,,9420a8fb
Bundesliga,24,Fri,2025-02-28,20:30,Stuttgart,1–3,Bayern Munich,60000,MHPArena,Benjamin Brand,/en/matches/2359b29d/Stuttgart-Bayern-Munich-February-28-2025-Bundesliga,,2359b29d
Bundesliga,24,Sat,2025-03-01,15:30,Bochum,0–1,Hoffenheim,24120,Vonovia Ruhrstadion,Florian Badstübner,/en/matches/4b05dd9f/Bochum-Hoffenheim-March-1-2025-Bundesliga,,4b05dd9f
Bundesliga,24,Sat,2025-03-01,18:30,Eintracht Frankfurt,1–4,Leverkusen,58000,Deutsche Bank Park,Felix Zwayer,/en/matches/3771f9a8/Eintracht-Frankfurt-Leverkusen-March-1-2025-Bundesliga,,3771f9a8
Bundesliga,24,Sat,2025-03-01,15:30,Heidenheim,0–3,Gladbach,15000,Voith-Arena,Sören Storks,/en/matches/b63f6c52/Heidenheim-Monchengladbach-March-1-2025-Bundesliga,,b63f6c52
Bundesliga,24,Sat,2025-03-01,15:30,RB Leipzig,1–2,Mainz 05,41406,Red Bull Arena,Daniel Siebert,/en/matches/e49b66ef/RB-Leipzig-Mainz-05-March-1-2025-Bundesliga,,e49b66ef
Bundesliga,24,Sat,2025-03-01,15:30,St Pauli,0–2,Dortmund,29546,Millerntor-Stadion,Tobias Stieler,/en/matches/e96a9875/St-Pauli-Dortmund-March-1-2025-Bundesliga,,e96a9875
Bundesliga,24,Sat,2025-03-01,15:30,Werder Bremen,1–2,Wolfsburg,41152,Weserstadion,Felix Brych,/en/matches/445a72d7/Werder-Bremen-Wolfsburg-March-1-2025-Bundesliga,,445a72d7
Bundesliga,24,Sun,2025-03-02,17:30,Augsburg,0–0,Freiburg,29651,WWK Arena,Harm Osmers,/en/matches/a928bf8e/Augsburg-Freiburg-March-2-2025-Bundesliga,,a928bf8e
Bundesliga,24,Sun,2025-03-02,15:30,Union Berlin,0–1,Holstein Kiel,22012,Stadion An der Alten Försterei,Tobias Reichel,/en/matches/f7cc643f/Union-Berlin-Holstein-Kiel-March-2-2025-Bundesliga,,f7cc643f
Bundesliga,25,Fri,2025-03-07,20:30,Gladbach,1–3,Mainz 05,51749,Stadion im Borussia-Park,Sascha Stegemann,/en/matches/d430e70c/Monchengladbach-Mainz-05-March-7-2025-Bundesliga,,d430e70c
Bundesliga,25,Sat,2025-03-08,15:30,Bayern Munich,2–3,Bochum,75000,Allianz Arena,Christian Dingert,/en/matches/dfa28f9b/Bayern-Munich-Bochum-March-8-2025-Bundesliga,,dfa28f9b
Bundesliga,25,Sat,2025-03-08,15:30,Dortmund,0–1,Augsburg,81365,Signal Iduna Park,Deniz Aytekin,/en/matches/52386e22/Dortmund-Augsburg-March-8-2025-Bundesliga,,52386e22
Bundesliga,25,Sat,2025-03-08,18:30,Freiburg,0–0,RB Leipzig,32900,Europa-Park Stadion,Sven Jablonski,/en/matches/2a1c7c5d/Freiburg-RB-Leipzig-March-8-2025-Bundesliga,,2a1c7c5d
Bundesliga,25,Sat,2025-03-08,15:30,Holstein Kiel,2–2,Stuttgart,15034,Holstein-Stadion,Bastian Dankert,/en/matches/55cb7968/Holstein-Kiel-Stuttgart-March-8-2025-Bundesliga,,55cb7968
Bundesliga,25,Sat,2025-03-08,15:30,Leverkusen,0–2,Werder Bremen,30210,BayArena,Tobias Welz,/en/matches/ce8580f0/Leverkusen-Werder-Bremen-March-8-2025-Bundesliga,,ce8580f0
Bundesliga,25,Sat,2025-03-08,15:30,Wolfsburg,1–1,St Pauli,28917,Volkswagen Arena,Robert Hartmann,/en/matches/51b3b077/Wolfsburg-St-Pauli-March-8-2025-Bundesliga,,51b3b077
Bundesliga,25,Sun,2025-03-09,15:30,Eintracht Frankfurt,1–2,Union Berlin,58000,Deutsche Bank Park,Frank Willenborg,/en/matches/da418224/Eintracht-Frankfurt-Union-Berlin-March-9-2025-Bundesliga,,da418224
Bundesliga,25,Sun,2025-03-09,17:30,Hoffenheim,1–1,Heidenheim,20814,PreZero Arena,Daniel Schlager,/en/matches/ee204929/Hoffenheim-Heidenheim-March-9-2025-Bundesliga,,ee204929
Bundesliga,26,Fri,2025-03-14,20:30,St Pauli,1–0,Hoffenheim,29546,Millerntor-Stadion,Felix Brych,/en/matches/4be7cdcb/St-Pauli-Hoffenheim-March-14-2025-Bundesliga,,4be7cdcb
Bundesliga,26,Sat,2025-03-15,15:30,Augsburg,1–0,Wolfsburg,28351,WWK Arena,Martin Petersen,/en/matches/33e651f0/Augsburg-Wolfsburg-March-15-2025-Bundesliga,,33e651f0
Bundesliga,26,Sat,2025-03-15,15:30,Mainz 05,2–2,Freiburg,33305,Mewa Arena,Benjamin Brand,/en/matches/b1beeafe/Mainz-05-Freiburg-March-15-2025-Bundesliga,,b1beeafe
Bundesliga,26,Sat,2025-03-15,18:30,RB Leipzig,2–0,Dortmund,47800,Red Bull Arena,Matthias Jöllenbeck,/en/matches/abc689ba/RB-Leipzig-Dortmund-March-15-2025-Bundesliga,,abc689ba
Bundesliga,26,Sat,2025-03-15,15:30,Union Berlin,1–1,Bayern Munich,22012,Stadion An der Alten Försterei,Florian Exner,/en/matches/aaf55506/Union-Berlin-Bayern-Munich-March-15-2025-Bundesliga,,aaf55506
Bundesliga,26,Sat,2025-03-15,15:30,Werder Bremen,2–4,Gladbach,42100,Weserstadion,Timo Gerach,/en/matches/ed2f2d83/Werder-Bremen-Monchengladbach-March-15-2025-Bundesliga,,ed2f2d83
Bundesliga,26,Sun,2025-03-16,15:30,Bochum,1–3,Eintracht Frankfurt,26000,Vonovia Ruhrstadion,Felix Zwayer,/en/matches/c34cbccf/Bochum-Eintracht-Frankfurt-March-16-2025-Bundesliga,,c34cbccf
Bundesliga,26,Sun,2025-03-16,17:30,Heidenheim,3–1,Holstein Kiel,15000,Voith-Arena,Harm Osmers,/en/matches/df0b5d3c/Heidenheim-Holstein-Kiel-March-16-2025-Bundesliga,,df0b5d3c
Bundesliga,26,Sun,2025-03-16,19:30,Stuttgart,3–4,Leverkusen,59000,MHPArena,Daniel Siebert,/en/matches/fb471c62/Stuttgart-Leverkusen-March-16-2025-Bundesliga,,fb471c62
Bundesliga,27,Fri,2025-03-28,20:30,Leverkusen,3–1,Bochum,30210,BayArena,Sven Jablonski,/en/matches/b2dc2e55/Leverkusen-Bochum-March-28-2025-Bundesliga,,b2dc2e55
Bundesliga,27,Sat,2025-03-29,15:30,Bayern Munich,3–2,St Pauli,75000,Allianz Arena,Florian Badstübner,/en/matches/1ab0ff43/Bayern-Munich-St-Pauli-March-29-2025-Bundesliga,,1ab0ff43
Bundesliga,27,Sat,2025-03-29,18:30,Eintracht Frankfurt,1–0,Stuttgart,58000,Deutsche Bank Park,Deniz Aytekin,/en/matches/f17b1ac5/Eintracht-Frankfurt-Stuttgart-March-29-2025-Bundesliga,,f17b1ac5
Bundesliga,27,Sat,2025-03-29,15:30,Gladbach,1–0,RB Leipzig,52358,Stadion im Borussia-Park,Tobias Stieler,/en/matches/bc35ebf6/Monchengladbach-RB-Leipzig-March-29-2025-Bundesliga,,bc35ebf6
Bundesliga,27,Sat,2025-03-29,15:30,Hoffenheim,1–1,Augsburg,21427,PreZero Arena,Tobias Reichel,/en/matches/ac5e7e15/Hoffenheim-Augsburg-March-29-2025-Bundesliga,,ac5e7e15
Bundesliga,27,Sat,2025-03-29,15:30,Holstein Kiel,0–3,Werder Bremen,15034,Holstein-Stadion,Sascha Stegemann,/en/matches/9cc7f833/Holstein-Kiel-Werder-Bremen-March-29-2025-Bundesliga,,9cc7f833
Bundesliga,27,Sat,2025-03-29,15:30,Wolfsburg,0–1,Heidenheim,21545,Volkswagen Arena,Bastian Dankert,/en/matches/45215cba/Wolfsburg-Heidenheim-March-29-2025-Bundesliga,,45215cba
Bundesliga,27,Sun,2025-03-30,17:30,Dortmund,3–1,Mainz 05,81365,Signal Iduna Park,Daniel Schlager,/en/matches/170ac3bc/Dortmund-Mainz-05-March-30-2025-Bundesliga,,170ac3bc
Bundesliga,27,Sun,2025-03-30,15:30,Freiburg,1–2,Union Berlin,34300,Europa-Park Stadion,Sören Storks,/en/matches/f1ea8b17/Freiburg-Union-Berlin-March-30-2025-Bundesliga,,f1ea8b17
Bundesliga,28,Fri,2025-04-04,20:30,Augsburg,1–3,Bayern Munich,30660,WWK Arena,Matthias Jöllenbeck,/en/matches/6420938b/Augsburg-Bayern-Munich-April-4-2025-Bundesliga,,6420938b
Bundesliga,28,Sat,2025-04-05,15:30,Bochum,0–4,Stuttgart,26000,Vonovia Ruhrstadion,Felix Brych,/en/matches/b223187e/Bochum-Stuttgart-April-5-2025-Bundesliga,,b223187e
Bundesliga,28,Sat,2025-04-05,15:30,Freiburg,1–4,Dortmund,34700,Europa-Park Stadion,Felix Zwayer,/en/matches/5bb8bb3d/Freiburg-Dortmund-April-5-2025-Bundesliga,,5bb8bb3d
Bundesliga,28,Sat,2025-04-05,15:30,Heidenheim,0–1,Leverkusen,15000,Voith-Arena,Tobias Stieler,/en/matches/0cae3543/Heidenheim-Leverkusen-April-5-2025-Bundesliga,,0cae3543
Bundesliga,28,Sat,2025-04-05,15:30,Mainz 05,1–1,Holstein Kiel,32500,Mewa Arena,Frank Willenborg,/en/matches/dbdc6ab0/Mainz-05-Holstein-Kiel-April-5-2025-Bundesliga,,dbdc6ab0
Bundesliga,28,Sat,2025-04-05,15:30,RB Leipzig,3–1,Hoffenheim,44478,Red Bull Arena,Robert Hartmann,/en/matches/541c3057/RB-Leipzig-Hoffenheim-April-5-2025-Bundesliga,,541c3057
Bundesliga,28,Sat,2025-04-05,18:30,Werder Bremen,2–0,Eintracht Frankfurt,42100,Weserstadion,Daniel Siebert,/en/matches/109281c0/Werder-Bremen-Eintracht-Frankfurt-April-5-2025-Bundesliga,,109281c0
Bundesliga,28,Sun,2025-04-06,15:30,St Pauli,1–1,Gladbach,29546,Millerntor-Stadion,Christian Dingert,/en/matches/567410c5/St-Pauli-Monchengladbach-April-6-2025-Bundesliga,,567410c5
Bundesliga,28,Sun,2025-04-06,17:30,Union Berlin,1–0,Wolfsburg,22012,Stadion An der Alten Försterei,Harm Osmers,/en/matches/4d106cd0/Union-Berlin-Wolfsburg-April-6-2025-Bundesliga,,4d106cd0
Bundesliga,29,Fri,2025-04-11,20:30,Wolfsburg,2–3,RB Leipzig,23070,Volkswagen Arena,Florian Exner,/en/matches/279f61ea/Wolfsburg-RB-Leipzig-April-11-2025-Bundesliga,,279f61ea
Bundesliga,29,Sat,2025-04-12,18:30,Bayern Munich,2–2,Dortmund,75000,Allianz Arena,Tobias Welz,/en/matches/448aadc2/Der-Klassiker-Bayern-Munich-Dortmund-April-12-2025-Bundesliga,,448aadc2
Bundesliga,29,Sat,2025-04-12,15:30,Bochum,1–2,Augsburg,25048,Vonovia Ruhrstadion,Martin Petersen,/en/matches/90ff09ad/Bochum-Augsburg-April-12-2025-Bundesliga,,90ff09ad
Bundesliga,29,Sat,2025-04-12,15:30,Gladbach,1–2,Freiburg,53981,Stadion im Borussia-Park,Deniz Aytekin,/en/matches/7909fa1f/Monchengladbach-Freiburg-April-12-2025-Bundesliga,,7909fa1f
Bundesliga,29,Sat,2025-04-12,15:30,Hoffenheim,2–0,Mainz 05,30150,PreZero Arena,Sven Jablonski,/en/matches/3ffde43a/Hoffenheim-Mainz-05-April-12-2025-Bundesliga,,3ffde43a
Bundesliga,29,Sat,2025-04-12,15:30,Holstein Kiel,1–2,St Pauli,15034,Holstein-Stadion,Benjamin Brand,/en/matches/caf45775/Holstein-Kiel-St-Pauli-April-12-2025-Bundesliga,,caf45775
Bundesliga,29,Sat,2025-04-12,15:30,Leverkusen,0–0,Union Berlin,30210,BayArena,Bastian Dankert,/en/matches/05cfe672/Leverkusen-Union-Berlin-April-12-2025-Bundesliga,,05cfe672
Bundesliga,29,Sun,2025-04-13,17:30,Eintracht Frankfurt,3–0,Heidenheim,57500,Deutsche Bank Park,Timo Gerach,/en/matches/734c51b1/Eintracht-Frankfurt-Heidenheim-April-13-2025-Bundesliga,,734c51b1
Bundesliga,29,Sun,2025-04-13,15:30,Stuttgart,1–2,Werder Bremen,60000,MHPArena,Daniel Schlager,/en/matches/fa069898/Stuttgart-Werder-Bremen-April-13-2025-Bundesliga,,fa069898
Bundesliga,30,Sat,2025-04-19,15:30,Freiburg,3–2,Hoffenheim,34100,Europa-Park Stadion,Sascha Stegemann,/en/matches/20ecf347/Freiburg-Hoffenheim-April-19-2025-Bundesliga,,20ecf347
Bundesliga,30,Sat,2025-04-19,15:30,Heidenheim,0–4,Bayern Munich,15000,Voith-Arena,Frank Willenborg,/en/matches/16677768/Heidenheim-Bayern-Munich-April-19-2025-Bundesliga,,16677768
Bundesliga,30,Sat,2025-04-19,15:30,Mainz 05,2–2,Wolfsburg,31500,Mewa Arena,Felix Zwayer,/en/matches/e6a0bf3c/Mainz-05-Wolfsburg-April-19-2025-Bundesliga,,e6a0bf3c
Bundesliga,30,Sat,2025-04-19,15:30,RB Leipzig,1–1,Holstein Kiel,45940,Red Bull Arena,Felix Brych,/en/matches/000fb8fc/RB-Leipzig-Holstein-Kiel-April-19-2025-Bundesliga,,000fb8fc
Bundesliga,30,Sat,2025-04-19,18:30,Union Berlin,4–4,Stuttgart,22012,Stadion An der Alten Försterei,Tobias Stieler,/en/matches/2730ce86/Union-Berlin-Stuttgart-April-19-2025-Bundesliga,,2730ce86
Bundesliga,30,Sat,2025-04-19,15:30,Werder Bremen,1–0,Bochum,42100,Weserstadion,Robert Schröder,/en/matches/8fc6caf7/Werder-Bremen-Bochum-April-19-2025-Bundesliga,,8fc6caf7
Bundesliga,30,Sun,2025-04-20,15:30,Augsburg,0–0,Eintracht Frankfurt,30660,WWK Arena,Florian Badstübner,/en/matches/d894af02/Augsburg-Eintracht-Frankfurt-April-20-2025-Bundesliga,,d894af02
Bundesliga,30,Sun,2025-04-20,17:30,Dortmund,3–2,Gladbach,81365,Signal Iduna Park,Daniel Siebert,/en/matches/96810141/Dortmund-Monchengladbach-April-20-2025-Bundesliga,,96810141
Bundesliga,30,Sun,2025-04-20,19:30,St Pauli,1–1,Leverkusen,29546,Millerntor-Stadion,Sören Storks,/en/matches/44f5146c/St-Pauli-Leverkusen-April-20-2025-Bundesliga,,44f5146c
Bundesliga,31,Fri,2025-04-25,20:30,Stuttgart,0–1,Heidenheim,60000,MHPArena,Tobias Welz,/en/matches/7aff3a58/Stuttgart-Heidenheim-April-25-2025-Bundesliga,,7aff3a58
Bundesliga,31,Sat,2025-04-26,15:30,Bayern Munich,3–0,Mainz 05,75000,Allianz Arena,Bastian Dankert,/en/matches/c8ec6e9b/Bayern-Munich-Mainz-05-April-26-2025-Bundesliga,,c8ec6e9b
Bundesliga,31,Sat,2025-04-26,18:30,Eintracht Frankfurt,4–0,RB Leipzig,56500,Deutsche Bank Park,Matthias Jöllenbeck,/en/matches/b7fb0f38/Eintracht-Frankfurt-RB-Leipzig-April-26-2025-Bundesliga,,b7fb0f38
Bundesliga,31,Sat,2025-04-26,15:30,Hoffenheim,2–3,Dortmund,30150,PreZero Arena,Benjamin Brand,/en/matches/c27495e8/Hoffenheim-Dortmund-April-26-2025-Bundesliga,,c27495e8
Bundesliga,31,Sat,2025-04-26,15:30,Holstein Kiel,4–3,Gladbach,15034,Holstein-Stadion,Robert Hartmann,/en/matches/8c788caa/Holstein-Kiel-Monchengladbach-April-26-2025-Bundesliga,,8c788caa
Bundesliga,31,Sat,2025-04-26,15:30,Leverkusen,2–0,Augsburg,29563,BayArena,Christian Dingert,/en/matches/eda7cf54/Leverkusen-Augsburg-April-26-2025-Bundesliga,,eda7cf54
Bundesliga,31,Sat,2025-04-26,15:30,Wolfsburg,0–1,Freiburg,23145,Volkswagen Arena,Sven Jablonski,/en/matches/d8e56aa9/Wolfsburg-Freiburg-April-26-2025-Bundesliga,,d8e56aa9
Bundesliga,31,Sun,2025-04-27,15:30,Bochum,1–1,Union Berlin,26000,Vonovia Ruhrstadion,Deniz Aytekin,/en/matches/7b2f198b/Bochum-Union-Berlin-April-27-2025-Bundesliga,,7b2f198b
Bundesliga,31,Sun,2025-04-27,17:30,Werder Bremen,0–0,St Pauli,42100,Weserstadion,Tobias Reichel,/en/matches/58168f30/Werder-Bremen-St-Pauli-April-27-2025-Bundesliga,,58168f30
Bundesliga,32,Fri,2025-05-02,20:30,Heidenheim,0–0,Bochum,15000,Voith-Arena,Sascha Stegemann,/en/matches/99708bc3/Heidenheim-Bochum-May-2-2025-Bundesliga,,99708bc3
Bundesliga,32,Sat,2025-05-03,18:30,Dortmund,4–0,Wolfsburg,81365,Signal Iduna Park,Felix Brych,/en/matches/f7ead844/Dortmund-Wolfsburg-May-3-2025-Bundesliga,,f7ead844
Bundesliga,32,Sat,2025-05-03,15:30,Gladbach,4–4,Hoffenheim,52000,Stadion im Borussia-Park,Frank Willenborg,/en/matches/66ab948b/Monchengladbach-Hoffenheim-May-3-2025-Bundesliga,,66ab948b
Bundesliga,32,Sat,2025-05-03,15:30,RB Leipzig,3–3,Bayern Munich,47800,Red Bull Arena,Felix Zwayer,/en/matches/332c0ad2/RB-Leipzig-Bayern-Munich-May-3-2025-Bundesliga,,332c0ad2
Bundesliga,32,Sat,2025-05-03,15:30,St Pauli,0–1,Stuttgart,29546,Millerntor-Stadion,Florian Exner,/en/matches/922a1743/St-Pauli-Stuttgart-May-3-2025-Bundesliga,,922a1743
Bundesliga,32,Sat,2025-05-03,15:30,Union Berlin,2–2,Werder Bremen,22012,Stadion An der Alten Försterei,Sören Storks,/en/matches/0ae221aa/Union-Berlin-Werder-Bremen-May-3-2025-Bundesliga,,0ae221aa
Bundesliga,32,Sun,2025-05-04,15:30,Augsburg,1–3,Holstein Kiel,28660,WWK Arena,Harm Osmers,/en/matches/c306cc96/Augsburg-Holstein-Kiel-May-4-2025-Bundesliga,,c306cc96
Bundesliga,32,Sun,2025-05-04,17:30,Freiburg,2–2,Leverkusen,34700,Europa-Park Stadion,Daniel Siebert,/en/matches/96a2ca0c/Freiburg-Leverkusen-May-4-2025-Bundesliga,,96a2ca0c
Bundesliga,32,Sun,2025-05-04,19:30,Mainz 05,1–1,Eintracht Frankfurt,33305,Mewa Arena,Martin Petersen,/en/matches/52b3b191/Mainz-05-Eintracht-Frankfurt-May-4-2025-Bundesliga,,52b3b191
Bundesliga,33,Fri,2025-05-09,20:30,Wolfsburg,2–2,Hoffenheim,20145,Volkswagen Arena,Matthias Jöllenbeck,/en/matches/8848ad08/Wolfsburg-Hoffenheim-May-9-2025-Bundesliga,,8848ad08
Bundesliga,33,Sat,2025-05-10,18:30,Bayern Munich,2–0,Gladbach,75000,Allianz Arena,Sven Jablonski,/en/matches/ec9d955b/Bayern-Munich-Monchengladbach-May-10-2025-Bundesliga,,ec9d955b
Bundesliga,33,Sat,2025-05-10,15:30,Bochum,1–4,Mainz 05,26000,Vonovia Ruhrstadion,Tobias Stieler,/en/matches/77e2bfdb/Bochum-Mainz-05-May-10-2025-Bundesliga,,77e2bfdb
Bundesliga,33,Sat,2025-05-10,15:30,Holstein Kiel,1–2,Freiburg,15034,Holstein-Stadion,Robert Schröder,/en/matches/54765c32/Holstein-Kiel-Freiburg-May-10-2025-Bundesliga,,54765c32
Bundesliga,33,Sat,2025-05-10,15:30,Union Berlin,0–3,Heidenheim,22000,Stadion An der Alten Försterei,Florian Badstübner,/en/matches/93fc8379/Union-Berlin-Heidenheim-May-10-2025-Bundesliga,,93fc8379
Bundesliga,33,Sat,2025-05-10,15:30,Werder Bremen,0–0,RB Leipzig,41000,Weserstadion,Bastian Dankert,/en/matches/d240d0af/Werder-Bremen-RB-Leipzig-May-10-2025-Bundesliga,,d240d0af
Bundesliga,33,Sun,2025-05-11,17:30,Eintracht Frankfurt,2–2,St Pauli,58000,Deutsche Bank Park,Christian Dingert,/en/matches/1d23b7b3/Eintracht-Frankfurt-St-Pauli-May-11-2025-Bundesliga,,1d23b7b3
Bundesliga,33,Sun,2025-05-11,15:30,Leverkusen,2–4,Dortmund,30210,BayArena,Deniz Aytekin,/en/matches/fe0fd091/Leverkusen-Dortmund-May-11-2025-Bundesliga,,fe0fd091
Bundesliga,33,Sun,2025-05-11,19:30,Stuttgart,4–0,Augsburg,59000,MHPArena,Timo Gerach,/en/matches/fe881f9c/Stuttgart-Augsburg-May-11-2025-Bundesliga,,fe881f9c
Bundesliga,34,Sat,2025-05-17,15:30,Augsburg,1–2,Union Berlin,30660,WWK Arena,Felix Brych,/en/matches/3201dcb5/Augsburg-Union-Berlin-May-17-2025-Bundesliga,,3201dcb5
Bundesliga,34,Sat,2025-05-17,15:30,Dortmund,3–0,Holstein Kiel,81365,Signal Iduna Park,Harm Osmers,/en/matches/1bb6490a/Dortmund-Holstein-Kiel-May-17-2025-Bundesliga,,1bb6490a
Bundesliga,34,Sat,2025-05-17,15:30,Freiburg,1–3,Eintracht Frankfurt,34700,Europa-Park Stadion,Benjamin Brand,/en/matches/b4e069ab/Freiburg-Eintracht-Frankfurt-May-17-2025-Bundesliga,,b4e069ab
Bundesliga,34,Sat,2025-05-17,15:30,Gladbach,0–1,Wolfsburg,53048,Stadion im Borussia-Park,Sascha Stegemann,/en/matches/8600012e/Monchengladbach-Wolfsburg-May-17-2025-Bundesliga,,8600012e
Bundesliga,34,Sat,2025-05-17,15:30,Heidenheim,1–4,Werder Bremen,15000,Voith-Arena,Tobias Welz,/en/matches/6509021f/Heidenheim-Werder-Bremen-May-17-2025-Bundesliga,,6509021f
Bundesliga,34,Sat,2025-05-17,15:30,Hoffenheim,0–4,Bayern Munich,30150,PreZero Arena,Daniel Schlager,/en/matches/0d8a2ebf/Hoffenheim-Bayern-Munich-May-17-2025-Bundesliga,,0d8a2ebf
Bundesliga,34,Sat,2025-05-17,15:30,Mainz 05,2–2,Leverkusen,33305,Mewa Arena,Tobias Reichel,/en/matches/1e213908/Mainz-05-Leverkusen-May-17-2025-Bundesliga,,1e213908
Bundesliga,34,Sat,2025-05-17,15:30,RB Leipzig,2–3,Stuttgart,47800,Red Bull Arena,Daniel Siebert,/en/matches/e457ba22/RB-Leipzig-Stuttgart-May-17-2025-Bundesliga,,e457ba22
Bundesliga,34,Sat,2025-05-17,15:30,St Pauli,0–2,Bochum,29546,Millerntor-Stadion,Felix Zwayer,/en/matches/f8aa5a5b/St-Pauli-Bochum-May-17-2025-Bundesliga,,f8aa5a5b
German 1/2 Relegation/Promotion play-offs,,Thu,2025-05-22,20:30,Heidenheim,2–2,Elversberg,15000,Voith-Arena,Sven Jablonski,/en/matches/ea16299e/Heidenheim-Elversberg-May-22-2025-German-12-RelegationPromotion-play-offs,Leg 1 of 2,ea16299e
German 1/2 Relegation/Promotion play-offs,,Mon,2025-05-26,20:30,Elversberg,1–2,Heidenheim,9105,Ursapharm-Arena an der Kaiserlinde,Sascha Stegemann,/en/matches/933eae7f/Elversberg-Heidenheim-May-26-2025-German-12-RelegationPromotion-play-offs,Leg 2 of 2; Heidenheim won,933eae7f
